NES,Japan,2010 - Street Fighter ,https://archive.org/download/nes-roms/2010%20-%20Street%20Fighter%20%28Japan%29.nes
NES,USA,3-D WorldRunner ,https://archive.org/download/nes-roms/3-D%20WorldRunner%20%28USA%29.nes
NES,Japan,8 Eyes ,https://archive.org/download/nes-roms/8%20Eyes%20%28Japan%29.nes
NES,USA,8 Eyes ,https://archive.org/download/nes-roms/8%20Eyes%20%28USA%29.nes
NES,Japan,ASO - Armored Scrum Object  (En) (Sample),https://archive.org/download/nes-roms/ASO%20-%20Armored%20Scrum%20Object%20%28Japan%29%20%28En%29%20%28Sample%29.nes
NES,USA,Abadox - The Deadly Inner War ,https://archive.org/download/nes-roms/Abadox%20-%20The%20Deadly%20Inner%20War%20%28USA%29.nes
NES,Europe,Action in New York ,https://archive.org/download/nes-roms/Action%20in%20New%20York%20%28Europe%29.nes
NES,USA,"Addams Family, The ",https://archive.org/download/nes-roms/Addams%20Family%2C%20The%20%28USA%29.nes
NES,USA,"Addams Family, The - Pugsley's Scavenger Hunt ",https://archive.org/download/nes-roms/Addams%20Family%2C%20The%20-%20Pugsley%27s%20Scavenger%20Hunt%20%28USA%29.nes
NES,USA,Advanced Dungeons & Dragons - DragonStrike ,https://archive.org/download/nes-roms/Advanced%20Dungeons%20%26%20Dragons%20-%20DragonStrike%20%28USA%29.nes
NES,Japan,Advanced Dungeons & Dragons - Dragons of Flame ,https://archive.org/download/nes-roms/Advanced%20Dungeons%20%26%20Dragons%20-%20Dragons%20of%20Flame%20%28Japan%29.nes
NES,USA,Advanced Dungeons & Dragons - Heroes of the Lance ,https://archive.org/download/nes-roms/Advanced%20Dungeons%20%26%20Dragons%20-%20Heroes%20of%20the%20Lance%20%28USA%29.nes
NES,USA,Advanced Dungeons & Dragons - Hillsfar ,https://archive.org/download/nes-roms/Advanced%20Dungeons%20%26%20Dragons%20-%20Hillsfar%20%28USA%29.nes
NES,USA,Advanced Dungeons & Dragons - Pool of Radiance ,https://archive.org/download/nes-roms/Advanced%20Dungeons%20%26%20Dragons%20-%20Pool%20of%20Radiance%20%28USA%29.nes
NES,USA,Adventure Island ,https://archive.org/download/nes-roms/Adventure%20Island%20%28USA%29.nes
NES,Japan,Adventure Island - Takahashi Meijin no Bouken-jima IV  [E-patched],https://archive.org/download/nes-roms/Adventure%20Island%20-%20Takahashi%20Meijin%20no%20Bouken-jima%20IV%20%28Japan%29%20%5BE-patched%5D.nes
NES,USA,Adventure Island 2 ,https://archive.org/download/nes-roms/Adventure%20Island%202%20%28USA%29.nes
NES,USA,Adventure Island 3 ,https://archive.org/download/nes-roms/Adventure%20Island%203%20%28USA%29.nes
NES,Europe,Adventure Island Classic ,https://archive.org/download/nes-roms/Adventure%20Island%20Classic%20%28Europe%29.nes
NES,Europe,"Adventure Island Part II, The ",https://archive.org/download/nes-roms/Adventure%20Island%20Part%20II%2C%20The%20%28Europe%29.nes
NES,USA,Adventures in the Magic Kingdom ,https://archive.org/download/nes-roms/Adventures%20in%20the%20Magic%20Kingdom%20%28USA%29.nes
NES,Europe,"Adventures of Bayou Billy, The ",https://archive.org/download/nes-roms/Adventures%20of%20Bayou%20Billy%2C%20The%20%28Europe%29.nes
NES,USA,"Adventures of Bayou Billy, The ",https://archive.org/download/nes-roms/Adventures%20of%20Bayou%20Billy%2C%20The%20%28USA%29.nes
NES,USA,Adventures of Dino Riki ,https://archive.org/download/nes-roms/Adventures%20of%20Dino%20Riki%20%28USA%29.nes
NES,USA,Adventures of Lolo ,https://archive.org/download/nes-roms/Adventures%20of%20Lolo%20%28USA%29.nes
NES,USA,Adventures of Lolo 2 ,https://archive.org/download/nes-roms/Adventures%20of%20Lolo%202%20%28USA%29.nes
NES,USA,Adventures of Lolo 3 ,https://archive.org/download/nes-roms/Adventures%20of%20Lolo%203%20%28USA%29.nes
NES,Europe,"Adventures of Rad Gravity, The ",https://archive.org/download/nes-roms/Adventures%20of%20Rad%20Gravity%2C%20The%20%28Europe%29.nes
NES,USA,"Adventures of Rad Gravity, The ",https://archive.org/download/nes-roms/Adventures%20of%20Rad%20Gravity%2C%20The%20%28USA%29.nes
NES,USA,Adventures of Tom Sawyer ,https://archive.org/download/nes-roms/Adventures%20of%20Tom%20Sawyer%20%28USA%29.nes
NES,USA,After Burner  (Unl),https://archive.org/download/nes-roms/After%20Burner%20%28USA%29%20%28Unl%29.nes
NES,USA,Air Fortress ,https://archive.org/download/nes-roms/Air%20Fortress%20%28USA%29.nes
NES,USA,Airwolf ,https://archive.org/download/nes-roms/Airwolf%20%28USA%29.nes
NES,USA,Al Unser Jr. Turbo Racing ,https://archive.org/download/nes-roms/Al%20Unser%20Jr.%20Turbo%20Racing%20%28USA%29.nes
NES,Europe,Aladdin ,https://archive.org/download/nes-roms/Aladdin%20%28Europe%29.nes
NES,Unl,Aladdin ,https://archive.org/download/nes-roms/Aladdin%20%28Unl%29.nes
NES,Europe,Alfred Chicken ,https://archive.org/download/nes-roms/Alfred%20Chicken%20%28Europe%29.nes
NES,USA,Alfred Chicken ,https://archive.org/download/nes-roms/Alfred%20Chicken%20%28USA%29.nes
NES,USA,Alien 3 ,https://archive.org/download/nes-roms/Alien%203%20%28USA%29.nes
NES,Japan,Alien Syndrome ,https://archive.org/download/nes-roms/Alien%20Syndrome%20%28Japan%29.nes
NES,USA,Alien Syndrome  (Unl),https://archive.org/download/nes-roms/Alien%20Syndrome%20%28USA%29%20%28Unl%29.nes
NES,USA,Alpha Mission ,https://archive.org/download/nes-roms/Alpha%20Mission%20%28USA%29.nes
NES,USA,Amagon ,https://archive.org/download/nes-roms/Amagon%20%28USA%29.nes
NES,Japan,Argos no Senshi ,https://archive.org/download/nes-roms/Argos%20no%20Senshi%20%28Japan%29.nes
NES,Japan,Argus ,https://archive.org/download/nes-roms/Argus%20%28Japan%29.nes
NES,Japan,Arkanoid ,https://archive.org/download/nes-roms/Arkanoid%20%28Japan%29.nes
NES,USA,Arkanoid ,https://archive.org/download/nes-roms/Arkanoid%20%28USA%29.nes
NES,Japan,Arkanoid II ,https://archive.org/download/nes-roms/Arkanoid%20II%20%28Japan%29.nes
NES,USA,Arkista's Ring ,https://archive.org/download/nes-roms/Arkista%27s%20Ring%20%28USA%29.nes
NES,Japan,Armadillo ,https://archive.org/download/nes-roms/Armadillo%20%28Japan%29.nes
NES,Japan,Artelius ,https://archive.org/download/nes-roms/Artelius%20%28Japan%29.nes
NES,Japan,Asmik-kun Land ,https://archive.org/download/nes-roms/Asmik-kun%20Land%20%28Japan%29.nes
NES,Japan,Astro Robo Sasa ,https://archive.org/download/nes-roms/Astro%20Robo%20Sasa%20%28Japan%29.nes
NES,Europe,Astyanax ,https://archive.org/download/nes-roms/Astyanax%20%28Europe%29.nes
NES,USA,Astyanax ,https://archive.org/download/nes-roms/Astyanax%20%28USA%29.nes
NES,Japan,Athena ,https://archive.org/download/nes-roms/Athena%20%28Japan%29.nes
NES,USA,Athena ,https://archive.org/download/nes-roms/Athena%20%28USA%29.nes
NES,Japan,Atlantis no Nazo  (Sample),https://archive.org/download/nes-roms/Atlantis%20no%20Nazo%20%28Japan%29%20%28Sample%29.nes
NES,Japan,Atlantis no Nazo ,https://archive.org/download/nes-roms/Atlantis%20no%20Nazo%20%28Japan%29.nes
NES,Japan,Attack Animal Gakuen ,https://archive.org/download/nes-roms/Attack%20Animal%20Gakuen%20%28Japan%29.nes
NES,USA,Attack of the Killer Tomatoes ,https://archive.org/download/nes-roms/Attack%20of%20the%20Killer%20Tomatoes%20%28USA%29.nes
NES,Japan,B-Wings ,https://archive.org/download/nes-roms/B-Wings%20%28Japan%29.nes
NES,USA,Baby Boomer  (Unl),https://archive.org/download/nes-roms/Baby%20Boomer%20%28USA%29%20%28Unl%29.nes
NES,USA,Back to the Future ,https://archive.org/download/nes-roms/Back%20to%20the%20Future%20%28USA%29.nes
NES,USA,Back to the Future Part II & III ,https://archive.org/download/nes-roms/Back%20to%20the%20Future%20Part%20II%20%26%20III%20%28USA%29.nes
NES,USA,Bad Dudes ,https://archive.org/download/nes-roms/Bad%20Dudes%20%28USA%29.nes
NES,Europe,Bad Dudes vs. Dragon Ninja ,https://archive.org/download/nes-roms/Bad%20Dudes%20vs.%20Dragon%20Ninja%20%28Europe%29.nes
NES,USA,Bad Street Brawler ,https://archive.org/download/nes-roms/Bad%20Street%20Brawler%20%28USA%29.nes
NES,Europe,Balloon Fight ,https://archive.org/download/nes-roms/Balloon%20Fight%20%28Europe%29.nes
NES,Japan,Balloon Fight ,https://archive.org/download/nes-roms/Balloon%20Fight%20%28Japan%29.nes
NES,USA,Balloon Fight ,https://archive.org/download/nes-roms/Balloon%20Fight%20%28USA%29.nes
NES,Japan,Baltron ,https://archive.org/download/nes-roms/Baltron%20%28Japan%29.nes
NES,USA,Bandit Kings of Ancient China ,https://archive.org/download/nes-roms/Bandit%20Kings%20of%20Ancient%20China%20%28USA%29.nes
NES,USA,Barbie  (Rev A),https://archive.org/download/nes-roms/Barbie%20%28USA%29%20%28Rev%20A%29.nes
NES,USA,Barbie ,https://archive.org/download/nes-roms/Barbie%20%28USA%29.nes
NES,Japan,"Bard's Tale II, The - The Destiny Knight ",https://archive.org/download/nes-roms/Bard%27s%20Tale%20II%2C%20The%20-%20The%20Destiny%20Knight%20%28Japan%29.nes
NES,Japan,"Bard's Tale, The  (Sample)",https://archive.org/download/nes-roms/Bard%27s%20Tale%2C%20The%20%28Japan%29%20%28Sample%29.nes
NES,Japan,"Bard's Tale, The ",https://archive.org/download/nes-roms/Bard%27s%20Tale%2C%20The%20%28Japan%29.nes
NES,USA,"Bard's Tale, The ",https://archive.org/download/nes-roms/Bard%27s%20Tale%2C%20The%20%28USA%29.nes
NES,Japan,Batman ,https://archive.org/download/nes-roms/Batman%20%28Japan%29.nes
NES,Europe,Batman - Return of the Joker ,https://archive.org/download/nes-roms/Batman%20-%20Return%20of%20the%20Joker%20%28Europe%29.nes
NES,USA,Batman - Return of the Joker ,https://archive.org/download/nes-roms/Batman%20-%20Return%20of%20the%20Joker%20%28USA%29.nes
NES,Europe,Batman - The Video Game ,https://archive.org/download/nes-roms/Batman%20-%20The%20Video%20Game%20%28Europe%29.nes
NES,USA,Batman - The Video Game ,https://archive.org/download/nes-roms/Batman%20-%20The%20Video%20Game%20%28USA%29.nes
NES,Europe,Batman Returns ,https://archive.org/download/nes-roms/Batman%20Returns%20%28Europe%29.nes
NES,USA,Batman Returns ,https://archive.org/download/nes-roms/Batman%20Returns%20%28USA%29.nes
NES,Japan,Batsu & Terry - Makyou no Tetsujin Race ,https://archive.org/download/nes-roms/Batsu%20%26%20Terry%20-%20Makyou%20no%20Tetsujin%20Race%20%28Japan%29.nes
NES,Europe,"Battle of Olympus, The ",https://archive.org/download/nes-roms/Battle%20of%20Olympus%2C%20The%20%28Europe%29.nes
NES,USA,"Battle of Olympus, The ",https://archive.org/download/nes-roms/Battle%20of%20Olympus%2C%20The%20%28USA%29.nes
NES,Japan,BattleCity ,https://archive.org/download/nes-roms/BattleCity%20%28Japan%29.nes
NES,Europe,Battletoads ,https://archive.org/download/nes-roms/Battletoads%20%28Europe%29.nes
NES,Japan,Battletoads ,https://archive.org/download/nes-roms/Battletoads%20%28Japan%29.nes
NES,USA,Battletoads ,https://archive.org/download/nes-roms/Battletoads%20%28USA%29.nes
NES,Europe,Battletoads-Double Dragon ,https://archive.org/download/nes-roms/Battletoads-Double%20Dragon%20%28Europe%29.nes
NES,USA,Battletoads-Double Dragon ,https://archive.org/download/nes-roms/Battletoads-Double%20Dragon%20%28USA%29.nes
NES,Europe,Beauty and the Beast ,https://archive.org/download/nes-roms/Beauty%20and%20the%20Beast%20%28Europe%29.nes
NES,USA,Bee 52  (Unl),https://archive.org/download/nes-roms/Bee%2052%20%28USA%29%20%28Unl%29.nes
NES,USA,Beetlejuice ,https://archive.org/download/nes-roms/Beetlejuice%20%28USA%29.nes
NES,Japan,Best Keiba - Derby Stallion ,https://archive.org/download/nes-roms/Best%20Keiba%20-%20Derby%20Stallion%20%28Japan%29.nes
NES,USA,Big Nose Freaks Out  (Unl),https://archive.org/download/nes-roms/Big%20Nose%20Freaks%20Out%20%28USA%29%20%28Unl%29.nes
NES,USA,Big Nose the Caveman  (Unl),https://archive.org/download/nes-roms/Big%20Nose%20the%20Caveman%20%28USA%29%20%28Unl%29.nes
NES,USA,Bigfoot ,https://archive.org/download/nes-roms/Bigfoot%20%28USA%29.nes
NES,USA,Bill & Ted's Excellent Video Game Adventure ,https://archive.org/download/nes-roms/Bill%20%26%20Ted%27s%20Excellent%20Video%20Game%20Adventure%20%28USA%29.nes
NES,USA,Bill Elliott's NASCAR Challenge ,https://archive.org/download/nes-roms/Bill%20Elliott%27s%20NASCAR%20Challenge%20%28USA%29.nes
NES,Unl,Bio Hazard  [!] [trans],https://archive.org/download/nes-roms/Bio%20Hazard%20%28Unl%29%20%5B%21%5D%20%5Btrans%5D.nes
NES,Japan,Bio Miracle Bokutte Upa ,https://archive.org/download/nes-roms/Bio%20Miracle%20Bokutte%20Upa%20%28Japan%29.nes
NES,Japan,Bio Senshi Dan - Increaser Tono Tatakai ,https://archive.org/download/nes-roms/Bio%20Senshi%20Dan%20-%20Increaser%20Tono%20Tatakai%20%28Japan%29.nes
NES,USA,Bionic Commando ,https://archive.org/download/nes-roms/Bionic%20Commando%20%28USA%29.nes
NES,USA,Blaster Master ,https://archive.org/download/nes-roms/Blaster%20Master%20%28USA%29.nes
NES,Europe,Blue Shadow ,https://archive.org/download/nes-roms/Blue%20Shadow%20%28Europe%29.nes
NES,USA,"Blues Brothers, The ",https://archive.org/download/nes-roms/Blues%20Brothers%2C%20The%20%28USA%29.nes
NES,Japan,Bomber Man ,https://archive.org/download/nes-roms/Bomber%20Man%20%28Japan%29.nes
NES,Japan,Bomber Man II ,https://archive.org/download/nes-roms/Bomber%20Man%20II%20%28Japan%29.nes
NES,USA,Bomberman ,https://archive.org/download/nes-roms/Bomberman%20%28USA%29.nes
NES,USA,Bomberman II ,https://archive.org/download/nes-roms/Bomberman%20II%20%28USA%29.nes
NES,USA,Bonk's Adventure ,https://archive.org/download/nes-roms/Bonk%27s%20Adventure%20%28USA%29.nes
NES,Japan,Booby Kids ,https://archive.org/download/nes-roms/Booby%20Kids%20%28Japan%29.nes
NES,Europe,Boulder Dash ,https://archive.org/download/nes-roms/Boulder%20Dash%20%28Europe%29.nes
NES,Japan,Boulder Dash ,https://archive.org/download/nes-roms/Boulder%20Dash%20%28Japan%29.nes
NES,USA,Boulder Dash ,https://archive.org/download/nes-roms/Boulder%20Dash%20%28USA%29.nes
NES,USA,Bram Stoker's Dracula ,https://archive.org/download/nes-roms/Bram%20Stoker%27s%20Dracula%20%28USA%29.nes
NES,USA,BreakThru ,https://archive.org/download/nes-roms/BreakThru%20%28USA%29.nes
NES,Europe,Bubble Bobble ,https://archive.org/download/nes-roms/Bubble%20Bobble%20%28Europe%29.nes
NES,USA,Bubble Bobble ,https://archive.org/download/nes-roms/Bubble%20Bobble%20%28USA%29.nes
NES,Japan,Bubble Bobble 2 ,https://archive.org/download/nes-roms/Bubble%20Bobble%202%20%28Japan%29.nes
NES,USA,Bubble Bobble Part 2 ,https://archive.org/download/nes-roms/Bubble%20Bobble%20Part%202%20%28USA%29.nes
NES,Europe,Bucky O'Hare ,https://archive.org/download/nes-roms/Bucky%20O%27Hare%20%28Europe%29.nes
NES,Japan,Bucky O'Hare ,https://archive.org/download/nes-roms/Bucky%20O%27Hare%20%28Japan%29.nes
NES,USA,Bucky O'Hare ,https://archive.org/download/nes-roms/Bucky%20O%27Hare%20%28USA%29.nes
NES,USA,"Bugs Bunny Birthday Blowout, The ",https://archive.org/download/nes-roms/Bugs%20Bunny%20Birthday%20Blowout%2C%20The%20%28USA%29.nes
NES,USA,"Bugs Bunny Crazy Castle, The ",https://archive.org/download/nes-roms/Bugs%20Bunny%20Crazy%20Castle%2C%20The%20%28USA%29.nes
NES,USA,Bump'n'Jump ,https://archive.org/download/nes-roms/Bump%27n%27Jump%20%28USA%29.nes
NES,USA,Burai Fighter ,https://archive.org/download/nes-roms/Burai%20Fighter%20%28USA%29.nes
NES,Japan,BurgerTime ,https://archive.org/download/nes-roms/BurgerTime%20%28Japan%29.nes
NES,USA,BurgerTime ,https://archive.org/download/nes-roms/BurgerTime%20%28USA%29.nes
NES,USA,Cabal ,https://archive.org/download/nes-roms/Cabal%20%28USA%29.nes
NES,Australia,Captain America and the Avengers ,https://archive.org/download/nes-roms/Captain%20America%20and%20the%20Avengers%20%28Australia%29.nes
NES,USA,Captain America and the Avengers ,https://archive.org/download/nes-roms/Captain%20America%20and%20the%20Avengers%20%28USA%29.nes
NES,Japan,Captain Saver ,https://archive.org/download/nes-roms/Captain%20Saver%20%28Japan%29.nes
NES,Japan,Captain Silver ,https://archive.org/download/nes-roms/Captain%20Silver%20%28Japan%29.nes
NES,USA,Captain Skyhawk ,https://archive.org/download/nes-roms/Captain%20Skyhawk%20%28USA%29.nes
NES,Europe,Castelian ,https://archive.org/download/nes-roms/Castelian%20%28Europe%29.nes
NES,USA,Castelian ,https://archive.org/download/nes-roms/Castelian%20%28USA%29.nes
NES,USA,Castlevania  (Rev A),https://archive.org/download/nes-roms/Castlevania%20%28USA%29%20%28Rev%20A%29.nes
NES,USA,Castlevania ,https://archive.org/download/nes-roms/Castlevania%20%28USA%29.nes
NES,USA,Castlevania II - Simon's Quest ,https://archive.org/download/nes-roms/Castlevania%20II%20-%20Simon%27s%20Quest%20%28USA%29.nes
NES,USA,Castlevania III - Dracula's Curse ,https://archive.org/download/nes-roms/Castlevania%20III%20-%20Dracula%27s%20Curse%20%28USA%29.nes
NES,Japan,Championship Lode Runner ,https://archive.org/download/nes-roms/Championship%20Lode%20Runner%20%28Japan%29.nes
NES,Europe,Championship Rally ,https://archive.org/download/nes-roms/Championship%20Rally%20%28Europe%29.nes
NES,Japan,Chaos World ,https://archive.org/download/nes-roms/Chaos%20World%20%28Japan%29.nes
NES,USA,Cheetahmen II  (Unl),https://archive.org/download/nes-roms/Cheetahmen%20II%20%28USA%29%20%28Unl%29.nes
NES,Japan,Chiki Chiki Machine Mou Race ,https://archive.org/download/nes-roms/Chiki%20Chiki%20Machine%20Mou%20Race%20%28Japan%29.nes
NES,USA,Chiller  (Unl),https://archive.org/download/nes-roms/Chiller%20%28USA%29%20%28Unl%29.nes
NES,USA,Chip 'n Dale - Rescue Rangers ,https://archive.org/download/nes-roms/Chip%20%27n%20Dale%20-%20Rescue%20Rangers%20%28USA%29.nes
NES,USA,Chip 'n Dale - Rescue Rangers 2 ,https://archive.org/download/nes-roms/Chip%20%27n%20Dale%20-%20Rescue%20Rangers%202%20%28USA%29.nes
NES,Japan,Chip to Dale no Daisakusen ,https://archive.org/download/nes-roms/Chip%20to%20Dale%20no%20Daisakusen%20%28Japan%29.nes
NES,Japan,Chip to Dale no Daisakusen 2 ,https://archive.org/download/nes-roms/Chip%20to%20Dale%20no%20Daisakusen%202%20%28Japan%29.nes
NES,Japan,Choplifter  (En) (Rev 1),https://archive.org/download/nes-roms/Choplifter%20%28Japan%29%20%28En%29%20%28Rev%201%29.nes
NES,USA,Chubby Cherub ,https://archive.org/download/nes-roms/Chubby%20Cherub%20%28USA%29.nes
NES,Europe,City Connection ,https://archive.org/download/nes-roms/City%20Connection%20%28Europe%29.nes
NES,Japan,City Connection ,https://archive.org/download/nes-roms/City%20Connection%20%28Japan%29.nes
NES,USA,City Connection ,https://archive.org/download/nes-roms/City%20Connection%20%28USA%29.nes
NES,USA,Clash at Demonhead ,https://archive.org/download/nes-roms/Clash%20at%20Demonhead%20%28USA%29.nes
NES,USA,Cliffhanger ,https://archive.org/download/nes-roms/Cliffhanger%20%28USA%29.nes
NES,USA,Cobra Command ,https://archive.org/download/nes-roms/Cobra%20Command%20%28USA%29.nes
NES,USA,Cobra Triangle ,https://archive.org/download/nes-roms/Cobra%20Triangle%20%28USA%29.nes
NES,Japan,Cocoron ,https://archive.org/download/nes-roms/Cocoron%20%28Japan%29.nes
NES,USA,Code Name - Viper ,https://archive.org/download/nes-roms/Code%20Name%20-%20Viper%20%28USA%29.nes
NES,USA,Commando ,https://archive.org/download/nes-roms/Commando%20%28USA%29.nes
NES,USA,Conan ,https://archive.org/download/nes-roms/Conan%20%28USA%29.nes
NES,USA,Contra ,https://archive.org/download/nes-roms/Contra%20%28USA%29.nes
NES,USA,Contra Force ,https://archive.org/download/nes-roms/Contra%20Force%20%28USA%29.nes
NES,USA,Cool World ,https://archive.org/download/nes-roms/Cool%20World%20%28USA%29.nes
NES,Europe,Corvette ZR-1 Challenge ,https://archive.org/download/nes-roms/Corvette%20ZR-1%20Challenge%20%28Europe%29.nes
NES,Japan,Cosmic Epsilon ,https://archive.org/download/nes-roms/Cosmic%20Epsilon%20%28Japan%29.nes
NES,Japan,Cosmic Wars ,https://archive.org/download/nes-roms/Cosmic%20Wars%20%28Japan%29.nes
NES,Japan,Cosmo Genesis ,https://archive.org/download/nes-roms/Cosmo%20Genesis%20%28Japan%29.nes
NES,Japan,Crazy Climber ,https://archive.org/download/nes-roms/Crazy%20Climber%20%28Japan%29.nes
NES,Japan,Crisis Force ,https://archive.org/download/nes-roms/Crisis%20Force%20%28Japan%29.nes
NES,Japan,Cross Fire ,https://archive.org/download/nes-roms/Cross%20Fire%20%28Japan%29.nes
NES,USA,Crystalis ,https://archive.org/download/nes-roms/Crystalis%20%28USA%29.nes
NES,Japan,Cycle Race - Road Man ,https://archive.org/download/nes-roms/Cycle%20Race%20-%20Road%20Man%20%28Japan%29.nes
NES,USA,Danny Sullivan's Indy Heat ,https://archive.org/download/nes-roms/Danny%20Sullivan%27s%20Indy%20Heat%20%28USA%29.nes
NES,Europe,Darkman ,https://archive.org/download/nes-roms/Darkman%20%28Europe%29.nes
NES,USA,Darkman ,https://archive.org/download/nes-roms/Darkman%20%28USA%29.nes
NES,USA,Darkwing Duck ,https://archive.org/download/nes-roms/Darkwing%20Duck%20%28USA%29.nes
NES,USA,Dash Galaxy in the Alien Asylum ,https://archive.org/download/nes-roms/Dash%20Galaxy%20in%20the%20Alien%20Asylum%20%28USA%29.nes
NES,Europe,David Crane's A Boy and His Blob - Trouble on Blobolonia  (Rev A),https://archive.org/download/nes-roms/David%20Crane%27s%20A%20Boy%20and%20His%20Blob%20-%20Trouble%20on%20Blobolonia%20%28Europe%29%20%28Rev%20A%29.nes
NES,Europe,David Crane's A Boy and His Blob - Trouble on Blobolonia ,https://archive.org/download/nes-roms/David%20Crane%27s%20A%20Boy%20and%20His%20Blob%20-%20Trouble%20on%20Blobolonia%20%28Europe%29.nes
NES,USA,David Crane's A Boy and His Blob - Trouble on Blobolonia ,https://archive.org/download/nes-roms/David%20Crane%27s%20A%20Boy%20and%20His%20Blob%20-%20Trouble%20on%20Blobolonia%20%28USA%29.nes
NES,USA,Days of Thunder ,https://archive.org/download/nes-roms/Days%20of%20Thunder%20%28USA%29.nes
NES,USA,Death Race  (Unl),https://archive.org/download/nes-roms/Death%20Race%20%28USA%29%20%28Unl%29.nes
NES,USA,Defender II ,https://archive.org/download/nes-roms/Defender%20II%20%28USA%29.nes
NES,USA,Destination Earthstar ,https://archive.org/download/nes-roms/Destination%20Earthstar%20%28USA%29.nes
NES,Europe,Devil World ,https://archive.org/download/nes-roms/Devil%20World%20%28Europe%29.nes
NES,USA,Dick Tracy ,https://archive.org/download/nes-roms/Dick%20Tracy%20%28USA%29.nes
NES,USA,Die Hard ,https://archive.org/download/nes-roms/Die%20Hard%20%28USA%29.nes
NES,Japan,Dig Dug ,https://archive.org/download/nes-roms/Dig%20Dug%20%28Japan%29.nes
NES,Japan,Dig Dug II ,https://archive.org/download/nes-roms/Dig%20Dug%20II%20%28Japan%29.nes
NES,USA,Dig Dug II - Trouble in Paradise ,https://archive.org/download/nes-roms/Dig%20Dug%20II%20-%20Trouble%20in%20Paradise%20%28USA%29.nes
NES,USA,Dirty Harry ,https://archive.org/download/nes-roms/Dirty%20Harry%20%28USA%29.nes
NES,Japan,Donald Duck ,https://archive.org/download/nes-roms/Donald%20Duck%20%28Japan%29.nes
NES,Japan,Donald Land ,https://archive.org/download/nes-roms/Donald%20Land%20%28Japan%29.nes
NES,Japan,Donkey Kong ,https://archive.org/download/nes-roms/Donkey%20Kong%20%28Japan%29.nes
NES,USA,Donkey Kong  (GameCube Edition),https://archive.org/download/nes-roms/Donkey%20Kong%20%28USA%29%20%28GameCube%20Edition%29.nes
NES,World,Donkey Kong  (Rev A),https://archive.org/download/nes-roms/Donkey%20Kong%20%28World%29%20%28Rev%20A%29.nes
NES,World,Donkey Kong 3 ,https://archive.org/download/nes-roms/Donkey%20Kong%203%20%28World%29.nes
NES,"USA, Europe",Donkey Kong Classics ,https://archive.org/download/nes-roms/Donkey%20Kong%20Classics%20%28USA%2C%20Europe%29.nes
NES,Japan,Donkey Kong Jr. ,https://archive.org/download/nes-roms/Donkey%20Kong%20Jr.%20%28Japan%29.nes
NES,USA,Donkey Kong Jr.  (GameCube Edition),https://archive.org/download/nes-roms/Donkey%20Kong%20Jr.%20%28USA%29%20%28GameCube%20Edition%29.nes
NES,World,Donkey Kong Jr.  (Rev A),https://archive.org/download/nes-roms/Donkey%20Kong%20Jr.%20%28World%29%20%28Rev%20A%29.nes
NES,Japan,Donkey Kong Jr. + Jr. Lesson ,https://archive.org/download/nes-roms/Donkey%20Kong%20Jr.%20%2B%20Jr.%20Lesson%20%28Japan%29.nes
NES,"USA, Europe",Donkey Kong Jr. Math ,https://archive.org/download/nes-roms/Donkey%20Kong%20Jr.%20Math%20%28USA%2C%20Europe%29.nes
NES,Japan,Donkey Kong Jr. no Sansuu Asobi ,https://archive.org/download/nes-roms/Donkey%20Kong%20Jr.%20no%20Sansuu%20Asobi%20%28Japan%29.nes
NES,Europe,Double Dragon ,https://archive.org/download/nes-roms/Double%20Dragon%20%28Europe%29.nes
NES,USA,Double Dragon ,https://archive.org/download/nes-roms/Double%20Dragon%20%28USA%29.nes
NES,Japan,Double Dragon - Sou Setsu Ryuu ,https://archive.org/download/nes-roms/Double%20Dragon%20-%20Sou%20Setsu%20Ryuu%20%28Japan%29.nes
NES,Europe,Double Dragon II - The Revenge ,https://archive.org/download/nes-roms/Double%20Dragon%20II%20-%20The%20Revenge%20%28Europe%29.nes
NES,USA,Double Dragon II - The Revenge  (Rev A),https://archive.org/download/nes-roms/Double%20Dragon%20II%20-%20The%20Revenge%20%28USA%29%20%28Rev%20A%29.nes
NES,USA,Double Dragon II - The Revenge ,https://archive.org/download/nes-roms/Double%20Dragon%20II%20-%20The%20Revenge%20%28USA%29.nes
NES,Europe,Double Dragon III - The Sacred Stones ,https://archive.org/download/nes-roms/Double%20Dragon%20III%20-%20The%20Sacred%20Stones%20%28Europe%29.nes
NES,USA,Double Dragon III - The Sacred Stones ,https://archive.org/download/nes-roms/Double%20Dragon%20III%20-%20The%20Sacred%20Stones%20%28USA%29.nes
NES,Japan,Dough Boy ,https://archive.org/download/nes-roms/Dough%20Boy%20%28Japan%29.nes
NES,Europe,Dr. Mario ,https://archive.org/download/nes-roms/Dr.%20Mario%20%28Europe%29.nes
NES,"Japan, USA",Dr. Mario ,https://archive.org/download/nes-roms/Dr.%20Mario%20%28Japan%2C%20USA%29.nes
NES,Japan,Dragon Ball - Daimaou Fukkatsu ,https://archive.org/download/nes-roms/Dragon%20Ball%20-%20Daimaou%20Fukkatsu%20%28Japan%29.nes
NES,Japan,Dragon Ball 3 - Gokuu Den  (Rev 1),https://archive.org/download/nes-roms/Dragon%20Ball%203%20-%20Gokuu%20Den%20%28Japan%29%20%28Rev%201%29.nes
NES,Japan,Dragon Ball Z - Kyoushuu! Saiya Jin ,https://archive.org/download/nes-roms/Dragon%20Ball%20Z%20-%20Kyoushuu%21%20Saiya%20Jin%20%28Japan%29.nes
NES,Japan,Dragon Ball Z Gaiden - Saiya Jin Zetsumetsu Keikaku ,https://archive.org/download/nes-roms/Dragon%20Ball%20Z%20Gaiden%20-%20Saiya%20Jin%20Zetsumetsu%20Keikaku%20%28Japan%29.nes
NES,Japan,Dragon Ball Z II - Gekishin Freeza!!  (Rev 1),https://archive.org/download/nes-roms/Dragon%20Ball%20Z%20II%20-%20Gekishin%20Freeza%21%21%20%28Japan%29%20%28Rev%201%29.nes
NES,Japan,Dragon Ball Z III - Ressen Jinzou Ningen ,https://archive.org/download/nes-roms/Dragon%20Ball%20Z%20III%20-%20Ressen%20Jinzou%20Ningen%20%28Japan%29.nes
NES,Japan,Dragon Quest ,https://archive.org/download/nes-roms/Dragon%20Quest%20%28Japan%29.nes
NES,Japan,Dragon Quest II - Akuryou no Kamigami ,https://archive.org/download/nes-roms/Dragon%20Quest%20II%20-%20Akuryou%20no%20Kamigami%20%28Japan%29.nes
NES,Japan,Dragon Quest III - Soshite Densetsu e...  (Rev B),https://archive.org/download/nes-roms/Dragon%20Quest%20III%20-%20Soshite%20Densetsu%20e...%20%28Japan%29%20%28Rev%20B%29.nes
NES,Japan,Dragon Quest IV - Michibikareshi Monotachi ,https://archive.org/download/nes-roms/Dragon%20Quest%20IV%20-%20Michibikareshi%20Monotachi%20%28Japan%29.nes
NES,USA,Dragon Warrior ,https://archive.org/download/nes-roms/Dragon%20Warrior%20%28USA%29.nes
NES,USA,Dragon Warrior II ,https://archive.org/download/nes-roms/Dragon%20Warrior%20II%20%28USA%29.nes
NES,USA,Dragon Warrior III ,https://archive.org/download/nes-roms/Dragon%20Warrior%20III%20%28USA%29.nes
NES,USA,Dragon Warrior IV ,https://archive.org/download/nes-roms/Dragon%20Warrior%20IV%20%28USA%29.nes
NES,USA,DuckTales ,https://archive.org/download/nes-roms/DuckTales%20%28USA%29.nes
NES,USA,DuckTales 2 ,https://archive.org/download/nes-roms/DuckTales%202%20%28USA%29.nes
NES,Europe,Dynablaster ,https://archive.org/download/nes-roms/Dynablaster%20%28Europe%29.nes
NES,Japan,Dynamite Batman ,https://archive.org/download/nes-roms/Dynamite%20Batman%20%28Japan%29.nes
NES,USA,Dynowarz - Destruction of Spondylus ,https://archive.org/download/nes-roms/Dynowarz%20-%20Destruction%20of%20Spondylus%20%28USA%29.nes
NES,Japan,Egypt ,https://archive.org/download/nes-roms/Egypt%20%28Japan%29.nes
NES,Japan,Elevator Action  (Rev A),https://archive.org/download/nes-roms/Elevator%20Action%20%28Japan%29%20%28Rev%20A%29.nes
NES,Japan,Elevator Action ,https://archive.org/download/nes-roms/Elevator%20Action%20%28Japan%29.nes
NES,USA,Elevator Action ,https://archive.org/download/nes-roms/Elevator%20Action%20%28USA%29.nes
NES,USA,Eliminator Boat Duel ,https://archive.org/download/nes-roms/Eliminator%20Boat%20Duel%20%28USA%29.nes
NES,Europe,"Elite  (En,Fr,De)",https://archive.org/download/nes-roms/Elite%20%28Europe%29%20%28En%2CFr%2CDe%29.nes
NES,Japan,Elysion ,https://archive.org/download/nes-roms/Elysion%20%28Japan%29.nes
NES,USA,"Empereur, L' ",https://archive.org/download/nes-roms/Empereur%2C%20L%27%20%28USA%29.nes
NES,"Japan, USA",Excitebike ,https://archive.org/download/nes-roms/Excitebike%20%28Japan%2C%20USA%29.nes
NES,Japan,Exciting Rally - World Rally Championship ,https://archive.org/download/nes-roms/Exciting%20Rally%20-%20World%20Rally%20Championship%20%28Japan%29.nes
NES,Japan,Exerion  (En),https://archive.org/download/nes-roms/Exerion%20%28Japan%29%20%28En%29.nes
NES,Japan,F-1 Race ,https://archive.org/download/nes-roms/F-1%20Race%20%28Japan%29.nes
NES,Japan,F-1 Sensation ,https://archive.org/download/nes-roms/F-1%20Sensation%20%28Japan%29.nes
NES,USA,F-117A - Stealth Fighter ,https://archive.org/download/nes-roms/F-117A%20-%20Stealth%20Fighter%20%28USA%29.nes
NES,USA,F-15 Strike Eagle ,https://archive.org/download/nes-roms/F-15%20Strike%20Eagle%20%28USA%29.nes
NES,Japan,F1 Circus ,https://archive.org/download/nes-roms/F1%20Circus%20%28Japan%29.nes
NES,USA,F15 City War  (v1.1) (Unl),https://archive.org/download/nes-roms/F15%20City%20War%20%28USA%29%20%28v1.1%29%20%28Unl%29.nes
NES,Japan,Family Circuit '91  (En),https://archive.org/download/nes-roms/Family%20Circuit%20%2791%20%28Japan%29%20%28En%29.nes
NES,Japan,Family Circuit ,https://archive.org/download/nes-roms/Family%20Circuit%20%28Japan%29.nes
NES,Japan,Family Jockey ,https://archive.org/download/nes-roms/Family%20Jockey%20%28Japan%29.nes
NES,Japan,Family Pinball ,https://archive.org/download/nes-roms/Family%20Pinball%20%28Japan%29.nes
NES,USA,"Fantastic Adventures of Dizzy, The  (Aladdin Compact Cartridge) (Unl)",https://archive.org/download/nes-roms/Fantastic%20Adventures%20of%20Dizzy%2C%20The%20%28USA%29%20%28Aladdin%20Compact%20Cartridge%29%20%28Unl%29.nes
NES,USA,"Fantastic Adventures of Dizzy, The  (Unl)",https://archive.org/download/nes-roms/Fantastic%20Adventures%20of%20Dizzy%2C%20The%20%28USA%29%20%28Unl%29.nes
NES,USA,Fantasy Zone  (Unl),https://archive.org/download/nes-roms/Fantasy%20Zone%20%28USA%29%20%28Unl%29.nes
NES,Japan,Fantasy Zone II - Opa-Opa no Namida ,https://archive.org/download/nes-roms/Fantasy%20Zone%20II%20-%20Opa-Opa%20no%20Namida%20%28Japan%29.nes
NES,USA,Faria - A World of Mystery & Danger! ,https://archive.org/download/nes-roms/Faria%20-%20A%20World%20of%20Mystery%20%26%20Danger%21%20%28USA%29.nes
NES,Japan,Faria - Fuuin no Tsurugi ,https://archive.org/download/nes-roms/Faria%20-%20Fuuin%20no%20Tsurugi%20%28Japan%29.nes
NES,Europe,Faxanadu ,https://archive.org/download/nes-roms/Faxanadu%20%28Europe%29.nes
NES,Japan,Faxanadu ,https://archive.org/download/nes-roms/Faxanadu%20%28Japan%29.nes
NES,USA,Faxanadu  (Rev A),https://archive.org/download/nes-roms/Faxanadu%20%28USA%29%20%28Rev%20A%29.nes
NES,USA,Faxanadu ,https://archive.org/download/nes-roms/Faxanadu%20%28USA%29.nes
NES,Japan,Ferrari ,https://archive.org/download/nes-roms/Ferrari%20%28Japan%29.nes
NES,USA,Ferrari Grand Prix Challenge ,https://archive.org/download/nes-roms/Ferrari%20Grand%20Prix%20Challenge%20%28USA%29.nes
NES,USA,Fester's Quest ,https://archive.org/download/nes-roms/Fester%27s%20Quest%20%28USA%29.nes
NES,Japan,Field Combat ,https://archive.org/download/nes-roms/Field%20Combat%20%28Japan%29.nes
NES,Japan,Final Mission ,https://archive.org/download/nes-roms/Final%20Mission%20%28Japan%29.nes
NES,USA,Fire 'n Ice ,https://archive.org/download/nes-roms/Fire%20%27n%20Ice%20%28USA%29.nes
NES,USA,Fire Hawk  (Unl),https://archive.org/download/nes-roms/Fire%20Hawk%20%28USA%29%20%28Unl%29.nes
NES,USA,Fist of the North Star ,https://archive.org/download/nes-roms/Fist%20of%20the%20North%20Star%20%28USA%29.nes
NES,Japan,Flipull - An Exciting Cube Game  (En),https://archive.org/download/nes-roms/Flipull%20-%20An%20Exciting%20Cube%20Game%20%28Japan%29%20%28En%29.nes
NES,USA,Flying Dragon - The Secret Scroll ,https://archive.org/download/nes-roms/Flying%20Dragon%20-%20The%20Secret%20Scroll%20%28USA%29.nes
NES,Japan,Flying Hero ,https://archive.org/download/nes-roms/Flying%20Hero%20%28Japan%29.nes
NES,USA,Flying Warriors ,https://archive.org/download/nes-roms/Flying%20Warriors%20%28USA%29.nes
NES,Japan,Formation Z  (Rev A),https://archive.org/download/nes-roms/Formation%20Z%20%28Japan%29%20%28Rev%20A%29.nes
NES,Japan,Formation Z ,https://archive.org/download/nes-roms/Formation%20Z%20%28Japan%29.nes
NES,Europe,Formula 1 Sensation ,https://archive.org/download/nes-roms/Formula%201%20Sensation%20%28Europe%29.nes
NES,USA,Formula One - Built to Win ,https://archive.org/download/nes-roms/Formula%20One%20-%20Built%20to%20Win%20%28USA%29.nes
NES,USA,Friday the 13th ,https://archive.org/download/nes-roms/Friday%20the%2013th%20%28USA%29.nes
NES,Japan,Front Line ,https://archive.org/download/nes-roms/Front%20Line%20%28Japan%29.nes
NES,Japan,Fushigi na Blobby - Blobania no Kiki ,https://archive.org/download/nes-roms/Fushigi%20na%20Blobby%20-%20Blobania%20no%20Kiki%20%28Japan%29.nes
NES,USA,G.I. Joe - A Real American Hero ,https://archive.org/download/nes-roms/G.I.%20Joe%20-%20A%20Real%20American%20Hero%20%28USA%29.nes
NES,USA,G.I. Joe - The Atlantis Factor ,https://archive.org/download/nes-roms/G.I.%20Joe%20-%20The%20Atlantis%20Factor%20%28USA%29.nes
NES,USA,Galactic Crusader  (Unl),https://archive.org/download/nes-roms/Galactic%20Crusader%20%28USA%29%20%28Unl%29.nes
NES,Europe,Galaga ,https://archive.org/download/nes-roms/Galaga%20%28Europe%29.nes
NES,Japan,Galaga ,https://archive.org/download/nes-roms/Galaga%20%28Japan%29.nes
NES,USA,Galaga - Demons of Death ,https://archive.org/download/nes-roms/Galaga%20-%20Demons%20of%20Death%20%28USA%29.nes
NES,Japan,Galaxian  (Rev A),https://archive.org/download/nes-roms/Galaxian%20%28Japan%29%20%28Rev%20A%29.nes
NES,Japan,Galaxian ,https://archive.org/download/nes-roms/Galaxian%20%28Japan%29.nes
NES,USA,Galaxy 5000 ,https://archive.org/download/nes-roms/Galaxy%205000%20%28USA%29.nes
NES,Japan,Ganbare Goemon 2 ,https://archive.org/download/nes-roms/Ganbare%20Goemon%202%20%28Japan%29.nes
NES,Japan,Ganbare Goemon Gaiden - Kieta Ougon Kiseru ,https://archive.org/download/nes-roms/Ganbare%20Goemon%20Gaiden%20-%20Kieta%20Ougon%20Kiseru%20%28Japan%29.nes
NES,Japan,Ganbare Goemon Gaiden 2 - Tenka no Zaihou ,https://archive.org/download/nes-roms/Ganbare%20Goemon%20Gaiden%202%20-%20Tenka%20no%20Zaihou%20%28Japan%29.nes
NES,Japan,Ganbare Goemon! - Karakuri Douchuu ,https://archive.org/download/nes-roms/Ganbare%20Goemon%21%20-%20Karakuri%20Douchuu%20%28Japan%29.nes
NES,Europe,Gargoyle's Quest II ,https://archive.org/download/nes-roms/Gargoyle%27s%20Quest%20II%20%28Europe%29.nes
NES,USA,Gargoyle's Quest II ,https://archive.org/download/nes-roms/Gargoyle%27s%20Quest%20II%20%28USA%29.nes
NES,USA,Garry Kitchen's BattleTank ,https://archive.org/download/nes-roms/Garry%20Kitchen%27s%20BattleTank%20%28USA%29.nes
NES,USA,Gauntlet  (Unl),https://archive.org/download/nes-roms/Gauntlet%20%28USA%29%20%28Unl%29.nes
NES,USA,Gauntlet ,https://archive.org/download/nes-roms/Gauntlet%20%28USA%29.nes
NES,Europe,Gauntlet II ,https://archive.org/download/nes-roms/Gauntlet%20II%20%28Europe%29.nes
NES,USA,Gauntlet II ,https://archive.org/download/nes-roms/Gauntlet%20II%20%28USA%29.nes
NES,Japan,Geimos ,https://archive.org/download/nes-roms/Geimos%20%28Japan%29.nes
NES,USA,Ghost Lion ,https://archive.org/download/nes-roms/Ghost%20Lion%20%28USA%29.nes
NES,USA,Ghostbusters ,https://archive.org/download/nes-roms/Ghostbusters%20%28USA%29.nes
NES,USA,Ghostbusters II ,https://archive.org/download/nes-roms/Ghostbusters%20II%20%28USA%29.nes
NES,USA,Ghosts'n Goblins ,https://archive.org/download/nes-roms/Ghosts%27n%20Goblins%20%28USA%29.nes
NES,Spain,Gluk the Thunder Warrior  (Gluk Video) (Unl),https://archive.org/download/nes-roms/Gluk%20the%20Thunder%20Warrior%20%28Spain%29%20%28Gluk%20Video%29%20%28Unl%29.nes
NES,USA,Godzilla - Monster of Monsters! ,https://archive.org/download/nes-roms/Godzilla%20-%20Monster%20of%20Monsters%21%20%28USA%29.nes
NES,USA,Godzilla 2 - War of the Monsters ,https://archive.org/download/nes-roms/Godzilla%202%20-%20War%20of%20the%20Monsters%20%28USA%29.nes
NES,Japan,Golgo 13 - Daiisshou - Kamigami no Tasogare ,https://archive.org/download/nes-roms/Golgo%2013%20-%20Daiisshou%20-%20Kamigami%20no%20Tasogare%20%28Japan%29.nes
NES,Japan,Golgo 13 - Dainishou - Icarus no Nazo ,https://archive.org/download/nes-roms/Golgo%2013%20-%20Dainishou%20-%20Icarus%20no%20Nazo%20%28Japan%29.nes
NES,USA,Golgo 13 - Top Secret Episode ,https://archive.org/download/nes-roms/Golgo%2013%20-%20Top%20Secret%20Episode%20%28USA%29.nes
NES,Japan,Goonies ,https://archive.org/download/nes-roms/Goonies%20%28Japan%29.nes
NES,Europe,"Goonies II, The ",https://archive.org/download/nes-roms/Goonies%20II%2C%20The%20%28Europe%29.nes
NES,USA,"Goonies II, The ",https://archive.org/download/nes-roms/Goonies%20II%2C%20The%20%28USA%29.nes
NES,USA,Gradius ,https://archive.org/download/nes-roms/Gradius%20%28USA%29.nes
NES,Japan,Gradius II ,https://archive.org/download/nes-roms/Gradius%20II%20%28Japan%29.nes
NES,Spain,"Gran Aventura Submarina, La  (Gluk Video) (Unl)",https://archive.org/download/nes-roms/Gran%20Aventura%20Submarina%2C%20La%20%28Spain%29%20%28Gluk%20Video%29%20%28Unl%29.nes
NES,USA,Gremlins 2 - The New Batch ,https://archive.org/download/nes-roms/Gremlins%202%20-%20The%20New%20Batch%20%28USA%29.nes
NES,Europe,"Guardian Legend, The ",https://archive.org/download/nes-roms/Guardian%20Legend%2C%20The%20%28Europe%29.nes
NES,USA,"Guardian Legend, The ",https://archive.org/download/nes-roms/Guardian%20Legend%2C%20The%20%28USA%29.nes
NES,Japan,Guardic Gaiden ,https://archive.org/download/nes-roms/Guardic%20Gaiden%20%28Japan%29.nes
NES,USA,Guerrilla War ,https://archive.org/download/nes-roms/Guerrilla%20War%20%28USA%29.nes
NES,Japan,Guevara ,https://archive.org/download/nes-roms/Guevara%20%28Japan%29.nes
NES,USA,Gun Nac ,https://archive.org/download/nes-roms/Gun%20Nac%20%28USA%29.nes
NES,Japan,Gun-Dec ,https://archive.org/download/nes-roms/Gun-Dec%20%28Japan%29.nes
NES,USA,Gun.Smoke ,https://archive.org/download/nes-roms/Gun.Smoke%20%28USA%29.nes
NES,Japan,Gunhed - Aratanaru Tatakai ,https://archive.org/download/nes-roms/Gunhed%20-%20Aratanaru%20Tatakai%20%28Japan%29.nes
NES,Japan,Gyrodine ,https://archive.org/download/nes-roms/Gyrodine%20%28Japan%29.nes
NES,USA,Gyruss ,https://archive.org/download/nes-roms/Gyruss%20%28USA%29.nes
NES,Europe,Hammerin' Harry ,https://archive.org/download/nes-roms/Hammerin%27%20Harry%20%28Europe%29.nes
NES,USA,Hatris ,https://archive.org/download/nes-roms/Hatris%20%28USA%29.nes
NES,USA,Heavy Barrel ,https://archive.org/download/nes-roms/Heavy%20Barrel%20%28USA%29.nes
NES,USA,High Speed ,https://archive.org/download/nes-roms/High%20Speed%20%28USA%29.nes
NES,Japan,Highway Star ,https://archive.org/download/nes-roms/Highway%20Star%20%28Japan%29.nes
NES,Japan,Hiryuu no Ken II - Dragon no Tsubasa ,https://archive.org/download/nes-roms/Hiryuu%20no%20Ken%20II%20-%20Dragon%20no%20Tsubasa%20%28Japan%29.nes
NES,Japan,Hiryuu no Ken III - 5 Nin no Dragon ,https://archive.org/download/nes-roms/Hiryuu%20no%20Ken%20III%20-%205%20Nin%20no%20Dragon%20%28Japan%29.nes
NES,Japan,Hiryuu no Ken Special - Fighting Wars ,https://archive.org/download/nes-roms/Hiryuu%20no%20Ken%20Special%20-%20Fighting%20Wars%20%28Japan%29.nes
NES,USA,Home Alone  (Rev A),https://archive.org/download/nes-roms/Home%20Alone%20%28USA%29%20%28Rev%20A%29.nes
NES,USA,Home Alone ,https://archive.org/download/nes-roms/Home%20Alone%20%28USA%29.nes
NES,USA,Home Alone 2 - Lost in New York ,https://archive.org/download/nes-roms/Home%20Alone%202%20-%20Lost%20in%20New%20York%20%28USA%29.nes
NES,USA,Hook ,https://archive.org/download/nes-roms/Hook%20%28USA%29.nes
NES,Japan,Hoshi o Miru Hito ,https://archive.org/download/nes-roms/Hoshi%20o%20Miru%20Hito%20%28Japan%29.nes
NES,USA,Hudson Hawk ,https://archive.org/download/nes-roms/Hudson%20Hawk%20%28USA%29.nes
NES,Asia,Huge Insect  (Unl),https://archive.org/download/nes-roms/Huge%20Insect%20%28Asia%29%20%28Unl%29.nes
NES,USA,"Hunt for Red October, The  (Rev A)",https://archive.org/download/nes-roms/Hunt%20for%20Red%20October%2C%20The%20%28USA%29%20%28Rev%20A%29.nes
NES,USA,"Hunt for Red October, The ",https://archive.org/download/nes-roms/Hunt%20for%20Red%20October%2C%20The%20%28USA%29.nes
NES,USA,Hydlide ,https://archive.org/download/nes-roms/Hydlide%20%28USA%29.nes
NES,Japan,Hydlide 3 - Yami kara no Houmonsha ,https://archive.org/download/nes-roms/Hydlide%203%20-%20Yami%20kara%20no%20Houmonsha%20%28Japan%29.nes
NES,Japan,Hydlide Special ,https://archive.org/download/nes-roms/Hydlide%20Special%20%28Japan%29.nes
NES,Japan,Ice Climber ,https://archive.org/download/nes-roms/Ice%20Climber%20%28Japan%29.nes
NES,"USA, Europe",Ice Climber ,https://archive.org/download/nes-roms/Ice%20Climber%20%28USA%2C%20Europe%29.nes
NES,USA,Ikari III - The Rescue ,https://archive.org/download/nes-roms/Ikari%20III%20-%20The%20Rescue%20%28USA%29.nes
NES,USA,Ikari Warriors  (Rev A),https://archive.org/download/nes-roms/Ikari%20Warriors%20%28USA%29%20%28Rev%20A%29.nes
NES,USA,Ikari Warriors ,https://archive.org/download/nes-roms/Ikari%20Warriors%20%28USA%29.nes
NES,USA,Ikari Warriors II - Victory Road ,https://archive.org/download/nes-roms/Ikari%20Warriors%20II%20-%20Victory%20Road%20%28USA%29.nes
NES,USA,Image Fight ,https://archive.org/download/nes-roms/Image%20Fight%20%28USA%29.nes
NES,Europe,"Incredible Crash Dummies, The ",https://archive.org/download/nes-roms/Incredible%20Crash%20Dummies%2C%20The%20%28Europe%29.nes
NES,USA,"Incredible Crash Dummies, The ",https://archive.org/download/nes-roms/Incredible%20Crash%20Dummies%2C%20The%20%28USA%29.nes
NES,Europe,Indiana Jones and the Last Crusade ,https://archive.org/download/nes-roms/Indiana%20Jones%20and%20the%20Last%20Crusade%20%28Europe%29.nes
NES,USA,Indiana Jones and the Last Crusade  (Taito),https://archive.org/download/nes-roms/Indiana%20Jones%20and%20the%20Last%20Crusade%20%28USA%29%20%28Taito%29.nes
NES,USA,Indiana Jones and the Last Crusade  (UBI Soft),https://archive.org/download/nes-roms/Indiana%20Jones%20and%20the%20Last%20Crusade%20%28USA%29%20%28UBI%20Soft%29.nes
NES,USA,Indiana Jones and the Temple of Doom  (Rev A),https://archive.org/download/nes-roms/Indiana%20Jones%20and%20the%20Temple%20of%20Doom%20%28USA%29%20%28Rev%20A%29.nes
NES,USA,Indiana Jones and the Temple of Doom  (Unl),https://archive.org/download/nes-roms/Indiana%20Jones%20and%20the%20Temple%20of%20Doom%20%28USA%29%20%28Unl%29.nes
NES,USA,Indiana Jones and the Temple of Doom ,https://archive.org/download/nes-roms/Indiana%20Jones%20and%20the%20Temple%20of%20Doom%20%28USA%29.nes
NES,USA,Infiltrator ,https://archive.org/download/nes-roms/Infiltrator%20%28USA%29.nes
NES,Japan,Insector X ,https://archive.org/download/nes-roms/Insector%20X%20%28Japan%29.nes
NES,USA,Iron Tank - The Invasion of Normandy ,https://archive.org/download/nes-roms/Iron%20Tank%20-%20The%20Invasion%20of%20Normandy%20%28USA%29.nes
NES,USA,Isolated Warrior ,https://archive.org/download/nes-roms/Isolated%20Warrior%20%28USA%29.nes
NES,USA,Ivan 'Ironman' Stewart's Super Off Road ,https://archive.org/download/nes-roms/Ivan%20%27Ironman%27%20Stewart%27s%20Super%20Off%20Road%20%28USA%29.nes
NES,USA,Jackal ,https://archive.org/download/nes-roms/Jackal%20%28USA%29.nes
NES,USA,James Bond Jr ,https://archive.org/download/nes-roms/James%20Bond%20Jr%20%28USA%29.nes
NES,USA,Jaws ,https://archive.org/download/nes-roms/Jaws%20%28USA%29.nes
NES,USA,Joe & Mac ,https://archive.org/download/nes-roms/Joe%20%26%20Mac%20%28USA%29.nes
NES,Europe,Joe & Mac - Caveman Ninja ,https://archive.org/download/nes-roms/Joe%20%26%20Mac%20-%20Caveman%20Ninja%20%28Europe%29.nes
NES,Japan,Joust ,https://archive.org/download/nes-roms/Joust%20%28Japan%29.nes
NES,USA,Joust ,https://archive.org/download/nes-roms/Joust%20%28USA%29.nes
NES,Europe,"Jungle Book, The ",https://archive.org/download/nes-roms/Jungle%20Book%2C%20The%20%28Europe%29.nes
NES,USA,"Jungle Book, The ",https://archive.org/download/nes-roms/Jungle%20Book%2C%20The%20%28USA%29.nes
NES,USA,Jurassic Park ,https://archive.org/download/nes-roms/Jurassic%20Park%20%28USA%29.nes
NES,Europe,Kabuki - Quantum Fighter ,https://archive.org/download/nes-roms/Kabuki%20-%20Quantum%20Fighter%20%28Europe%29.nes
NES,USA,Kabuki - Quantum Fighter ,https://archive.org/download/nes-roms/Kabuki%20-%20Quantum%20Fighter%20%28USA%29.nes
NES,Japan,Kage ,https://archive.org/download/nes-roms/Kage%20%28Japan%29.nes
NES,Japan,Kamen Rider Club ,https://archive.org/download/nes-roms/Kamen%20Rider%20Club%20%28Japan%29.nes
NES,Japan,Kamen Rider SD - Granshocker no Yabou ,https://archive.org/download/nes-roms/Kamen%20Rider%20SD%20-%20Granshocker%20no%20Yabou%20%28Japan%29.nes
NES,Japan,Kamen no Ninja - Akakage ,https://archive.org/download/nes-roms/Kamen%20no%20Ninja%20-%20Akakage%20%28Japan%29.nes
NES,Japan,Kamen no Ninja - Hanamaru ,https://archive.org/download/nes-roms/Kamen%20no%20Ninja%20-%20Hanamaru%20%28Japan%29.nes
NES,USA,"Karate Kid, The ",https://archive.org/download/nes-roms/Karate%20Kid%2C%20The%20%28USA%29.nes
NES,Japan,Karnov  (Rev 1),https://archive.org/download/nes-roms/Karnov%20%28Japan%29%20%28Rev%201%29.nes
NES,Japan,Karnov ,https://archive.org/download/nes-roms/Karnov%20%28Japan%29.nes
NES,USA,Karnov ,https://archive.org/download/nes-roms/Karnov%20%28USA%29.nes
NES,Europe,Kid Icarus  (Rev A),https://archive.org/download/nes-roms/Kid%20Icarus%20%28Europe%29%20%28Rev%20A%29.nes
NES,"USA, Europe",Kid Icarus ,https://archive.org/download/nes-roms/Kid%20Icarus%20%28USA%2C%20Europe%29.nes
NES,Japan,King of Kings ,https://archive.org/download/nes-roms/King%20of%20Kings%20%28Japan%29.nes
NES,USA,Kirby's Adventure ,https://archive.org/download/nes-roms/Kirby%27s%20Adventure%20%28USA%29.nes
NES,USA,"Krion Conquest, The ",https://archive.org/download/nes-roms/Krion%20Conquest%2C%20The%20%28USA%29.nes
NES,USA,Kung-Fu Heroes ,https://archive.org/download/nes-roms/Kung-Fu%20Heroes%20%28USA%29.nes
NES,Japan,Labyrinth  [trans],https://archive.org/download/nes-roms/Labyrinth%20%28Japan%29%20%5Btrans%5D.nes
NES,USA,Laser Invasion ,https://archive.org/download/nes-roms/Laser%20Invasion%20%28USA%29.nes
NES,USA,Last Action Hero ,https://archive.org/download/nes-roms/Last%20Action%20Hero%20%28USA%29.nes
NES,USA,"Last Starfighter, The ",https://archive.org/download/nes-roms/Last%20Starfighter%2C%20The%20%28USA%29.nes
NES,USA,"Legend of Zelda, The ",https://archive.org/download/nes-roms/Legend%20of%20Zelda%2C%20The%20%28USA%29.nes
NES,USA,Legendary Wings ,https://archive.org/download/nes-roms/Legendary%20Wings%20%28USA%29.nes
NES,USA,Lethal Weapon ,https://archive.org/download/nes-roms/Lethal%20Weapon%20%28USA%29.nes
NES,USA,Life Force ,https://archive.org/download/nes-roms/Life%20Force%20%28USA%29.nes
NES,Europe,Life Force - Salamander ,https://archive.org/download/nes-roms/Life%20Force%20-%20Salamander%20%28Europe%29.nes
NES,Europe,"Lion King, The ",https://archive.org/download/nes-roms/Lion%20King%2C%20The%20%28Europe%29.nes
NES,Japan,Little Mermaid - Ningyo Hime ,https://archive.org/download/nes-roms/Little%20Mermaid%20-%20Ningyo%20Hime%20%28Japan%29.nes
NES,USA,"Little Mermaid, The ",https://archive.org/download/nes-roms/Little%20Mermaid%2C%20The%20%28USA%29.nes
NES,Japan,Lode Runner ,https://archive.org/download/nes-roms/Lode%20Runner%20%28Japan%29.nes
NES,USA,Lode Runner ,https://archive.org/download/nes-roms/Lode%20Runner%20%28USA%29.nes
NES,USA,Loopz ,https://archive.org/download/nes-roms/Loopz%20%28USA%29.nes
NES,USA,M.C. Kids ,https://archive.org/download/nes-roms/M.C.%20Kids%20%28USA%29.nes
NES,USA,M.U.L.E. ,https://archive.org/download/nes-roms/M.U.L.E.%20%28USA%29.nes
NES,Europe,Mach Rider ,https://archive.org/download/nes-roms/Mach%20Rider%20%28Europe%29.nes
NES,"Japan, USA",Mach Rider ,https://archive.org/download/nes-roms/Mach%20Rider%20%28Japan%2C%20USA%29.nes
NES,Japan,Mad City ,https://archive.org/download/nes-roms/Mad%20City%20%28Japan%29.nes
NES,USA,Mad Max ,https://archive.org/download/nes-roms/Mad%20Max%20%28USA%29.nes
NES,USA,"Mafat Conspiracy, The ",https://archive.org/download/nes-roms/Mafat%20Conspiracy%2C%20The%20%28USA%29.nes
NES,USA,"Magic of Scheherazade, The ",https://archive.org/download/nes-roms/Magic%20of%20Scheherazade%2C%20The%20%28USA%29.nes
NES,USA,Magician ,https://archive.org/download/nes-roms/Magician%20%28USA%29.nes
NES,USA,Magmax ,https://archive.org/download/nes-roms/Magmax%20%28USA%29.nes
NES,USA,Maniac Mansion ,https://archive.org/download/nes-roms/Maniac%20Mansion%20%28USA%29.nes
NES,Japan,Mappy ,https://archive.org/download/nes-roms/Mappy%20%28Japan%29.nes
NES,Japan,Mappy Kids ,https://archive.org/download/nes-roms/Mappy%20Kids%20%28Japan%29.nes
NES,Japan,Mappy-Land ,https://archive.org/download/nes-roms/Mappy-Land%20%28Japan%29.nes
NES,USA,Mappy-Land ,https://archive.org/download/nes-roms/Mappy-Land%20%28USA%29.nes
NES,Europe,Marble Madness ,https://archive.org/download/nes-roms/Marble%20Madness%20%28Europe%29.nes
NES,USA,Marble Madness ,https://archive.org/download/nes-roms/Marble%20Madness%20%28USA%29.nes
NES,Europe,Mario & Yoshi ,https://archive.org/download/nes-roms/Mario%20%26%20Yoshi%20%28Europe%29.nes
NES,Europe,Mario Bros.  (Rev A),https://archive.org/download/nes-roms/Mario%20Bros.%20%28Europe%29%20%28Rev%20A%29.nes
NES,World,Mario Bros. ,https://archive.org/download/nes-roms/Mario%20Bros.%20%28World%29.nes
NES,Europe,Mario Bros. Classic ,https://archive.org/download/nes-roms/Mario%20Bros.%20Classic%20%28Europe%29.nes
NES,USA,Mario Is Missing! ,https://archive.org/download/nes-roms/Mario%20Is%20Missing%21%20%28USA%29.nes
NES,Japan,Mario Open Golf ,https://archive.org/download/nes-roms/Mario%20Open%20Golf%20%28Japan%29.nes
NES,USA,Mario's Time Machine ,https://archive.org/download/nes-roms/Mario%27s%20Time%20Machine%20%28USA%29.nes
NES,Europe,McDonaldland ,https://archive.org/download/nes-roms/McDonaldland%20%28Europe%29.nes
NES,France,McDonaldland ,https://archive.org/download/nes-roms/McDonaldland%20%28France%29.nes
NES,USA,Mechanized Attack ,https://archive.org/download/nes-roms/Mechanized%20Attack%20%28USA%29.nes
NES,USA,Mega Man ,https://archive.org/download/nes-roms/Mega%20Man%20%28USA%29.nes
NES,USA,Mega Man 2 ,https://archive.org/download/nes-roms/Mega%20Man%202%20%28USA%29.nes
NES,USA,Mega Man 3 ,https://archive.org/download/nes-roms/Mega%20Man%203%20%28USA%29.nes
NES,USA,Mega Man 4  (Rev A),https://archive.org/download/nes-roms/Mega%20Man%204%20%28USA%29%20%28Rev%20A%29.nes
NES,USA,Mega Man 4 ,https://archive.org/download/nes-roms/Mega%20Man%204%20%28USA%29.nes
NES,USA,Mega Man 5 ,https://archive.org/download/nes-roms/Mega%20Man%205%20%28USA%29.nes
NES,USA,Mega Man 6 ,https://archive.org/download/nes-roms/Mega%20Man%206%20%28USA%29.nes
NES,USA,Menace Beach  (Unl),https://archive.org/download/nes-roms/Menace%20Beach%20%28USA%29%20%28Unl%29.nes
NES,USA,Mendel Palace ,https://archive.org/download/nes-roms/Mendel%20Palace%20%28USA%29.nes
NES,USA,Metal Fighter  (Unl),https://archive.org/download/nes-roms/Metal%20Fighter%20%28USA%29%20%28Unl%29.nes
NES,Japan,Metal Fighter Mu  (Unl),https://archive.org/download/nes-roms/Metal%20Fighter%20Mu%20%28Japan%29%20%28Unl%29.nes
NES,Japan,Metal Flame Psybuster ,https://archive.org/download/nes-roms/Metal%20Flame%20Psybuster%20%28Japan%29.nes
NES,Korea,Metal Force  (Unl),https://archive.org/download/nes-roms/Metal%20Force%20%28Korea%29%20%28Unl%29.nes
NES,Europe,Metal Gear ,https://archive.org/download/nes-roms/Metal%20Gear%20%28Europe%29.nes
NES,Japan,Metal Gear ,https://archive.org/download/nes-roms/Metal%20Gear%20%28Japan%29.nes
NES,USA,Metal Gear ,https://archive.org/download/nes-roms/Metal%20Gear%20%28USA%29.nes
NES,USA,Metal Mech - Man & Machine ,https://archive.org/download/nes-roms/Metal%20Mech%20-%20Man%20%26%20Machine%20%28USA%29.nes
NES,USA,Metal Storm ,https://archive.org/download/nes-roms/Metal%20Storm%20%28USA%29.nes
NES,USA,Metroid ,https://archive.org/download/nes-roms/Metroid%20%28USA%29.nes
NES,USA,MiG 29 - Soviet Fighter  (Unl),https://archive.org/download/nes-roms/MiG%2029%20-%20Soviet%20Fighter%20%28USA%29%20%28Unl%29.nes
NES,USA,Michael Andretti's World GP ,https://archive.org/download/nes-roms/Michael%20Andretti%27s%20World%20GP%20%28USA%29.nes
NES,Japan,Mickey Mouse - Fushigi no Kuni no Daibouken ,https://archive.org/download/nes-roms/Mickey%20Mouse%20-%20Fushigi%20no%20Kuni%20no%20Daibouken%20%28Japan%29.nes
NES,Japan,Mickey Mouse III - Yume Fuusen ,https://archive.org/download/nes-roms/Mickey%20Mouse%20III%20-%20Yume%20Fuusen%20%28Japan%29.nes
NES,USA,Mickey Mousecapade ,https://archive.org/download/nes-roms/Mickey%20Mousecapade%20%28USA%29.nes
NES,USA,Mickey's Adventure in Numberland ,https://archive.org/download/nes-roms/Mickey%27s%20Adventure%20in%20Numberland%20%28USA%29.nes
NES,USA,Mickey's Safari in Letterland ,https://archive.org/download/nes-roms/Mickey%27s%20Safari%20in%20Letterland%20%28USA%29.nes
NES,Europe,Micro Machines  (Unl),https://archive.org/download/nes-roms/Micro%20Machines%20%28Europe%29%20%28Unl%29.nes
NES,USA,Micro Machines  (Unl),https://archive.org/download/nes-roms/Micro%20Machines%20%28USA%29%20%28Unl%29.nes
NES,USA,Might & Magic - Secret of the Inner Sanctum ,https://archive.org/download/nes-roms/Might%20%26%20Magic%20-%20Secret%20of%20the%20Inner%20Sanctum%20%28USA%29.nes
NES,Japan,Might and Magic - Book One - Secret of the Inner Sanctum ,https://archive.org/download/nes-roms/Might%20and%20Magic%20-%20Book%20One%20-%20Secret%20of%20the%20Inner%20Sanctum%20%28Japan%29.nes
NES,Europe,Mighty Bomb Jack ,https://archive.org/download/nes-roms/Mighty%20Bomb%20Jack%20%28Europe%29.nes
NES,Japan,Mighty Bomb Jack  (Rev A),https://archive.org/download/nes-roms/Mighty%20Bomb%20Jack%20%28Japan%29%20%28Rev%20A%29.nes
NES,Japan,Mighty Bomb Jack ,https://archive.org/download/nes-roms/Mighty%20Bomb%20Jack%20%28Japan%29.nes
NES,USA,Mighty Bomb Jack ,https://archive.org/download/nes-roms/Mighty%20Bomb%20Jack%20%28USA%29.nes
NES,Europe,Mighty Final Fight ,https://archive.org/download/nes-roms/Mighty%20Final%20Fight%20%28Europe%29.nes
NES,Japan,Mighty Final Fight ,https://archive.org/download/nes-roms/Mighty%20Final%20Fight%20%28Japan%29.nes
NES,USA,Mighty Final Fight ,https://archive.org/download/nes-roms/Mighty%20Final%20Fight%20%28USA%29.nes
NES,USA,Millipede ,https://archive.org/download/nes-roms/Millipede%20%28USA%29.nes
NES,Japan,Millipede - Kyodai Konchuu no Gyakushuu ,https://archive.org/download/nes-roms/Millipede%20-%20Kyodai%20Konchuu%20no%20Gyakushuu%20%28Japan%29.nes
NES,USA,Milon's Secret Castle ,https://archive.org/download/nes-roms/Milon%27s%20Secret%20Castle%20%28USA%29.nes
NES,Europe,Mission Impossible ,https://archive.org/download/nes-roms/Mission%20Impossible%20%28Europe%29.nes
NES,France,Mission Impossible ,https://archive.org/download/nes-roms/Mission%20Impossible%20%28France%29.nes
NES,USA,Mission Impossible ,https://archive.org/download/nes-roms/Mission%20Impossible%20%28USA%29.nes
NES,USA,Monster Party ,https://archive.org/download/nes-roms/Monster%20Party%20%28USA%29.nes
NES,USA,Monster Truck Rally ,https://archive.org/download/nes-roms/Monster%20Truck%20Rally%20%28USA%29.nes
NES,Europe,Monster in My Pocket ,https://archive.org/download/nes-roms/Monster%20in%20My%20Pocket%20%28Europe%29.nes
NES,USA,Monster in My Pocket ,https://archive.org/download/nes-roms/Monster%20in%20My%20Pocket%20%28USA%29.nes
NES,Japan,Moon Crystal ,https://archive.org/download/nes-roms/Moon%20Crystal%20%28Japan%29.nes
NES,USA,Moon Ranger  (Unl),https://archive.org/download/nes-roms/Moon%20Ranger%20%28USA%29%20%28Unl%29.nes
NES,Japan,Mother ,https://archive.org/download/nes-roms/Mother%20%28Japan%29.nes
NES,Japan,Motocross Champion ,https://archive.org/download/nes-roms/Motocross%20Champion%20%28Japan%29.nes
NES,USA,Ms. Pac-Man  (Unl),https://archive.org/download/nes-roms/Ms.%20Pac-Man%20%28USA%29%20%28Unl%29.nes
NES,USA,Ms. Pac-Man ,https://archive.org/download/nes-roms/Ms.%20Pac-Man%20%28USA%29.nes
NES,Japan,Nakajima Satoru - F-1 Hero ,https://archive.org/download/nes-roms/Nakajima%20Satoru%20-%20F-1%20Hero%20%28Japan%29.nes
NES,Europe,New Ghostbusters II ,https://archive.org/download/nes-roms/New%20Ghostbusters%20II%20%28Europe%29.nes
NES,Japan,New York Nyankies ,https://archive.org/download/nes-roms/New%20York%20Nyankies%20%28Japan%29.nes
NES,USA,Nigel Mansell's World Championship Challenge ,https://archive.org/download/nes-roms/Nigel%20Mansell%27s%20World%20Championship%20Challenge%20%28USA%29.nes
NES,USA,"Nightmare on Elm Street, A ",https://archive.org/download/nes-roms/Nightmare%20on%20Elm%20Street%2C%20A%20%28USA%29.nes
NES,USA,Ninja Gaiden ,https://archive.org/download/nes-roms/Ninja%20Gaiden%20%28USA%29.nes
NES,USA,Ninja Gaiden II - The Dark Sword of Chaos ,https://archive.org/download/nes-roms/Ninja%20Gaiden%20II%20-%20The%20Dark%20Sword%20of%20Chaos%20%28USA%29.nes
NES,USA,Ninja Gaiden III - The Ancient Ship of Doom ,https://archive.org/download/nes-roms/Ninja%20Gaiden%20III%20-%20The%20Ancient%20Ship%20of%20Doom%20%28USA%29.nes
NES,Japan,Ninja Hattori-kun - Ninja wa Syugyou de Gozaru ,https://archive.org/download/nes-roms/Ninja%20Hattori-kun%20-%20Ninja%20wa%20Syugyou%20de%20Gozaru%20%28Japan%29.nes
NES,Japan,Ninja Jajamaru - Ginga Daisakusen ,https://archive.org/download/nes-roms/Ninja%20Jajamaru%20-%20Ginga%20Daisakusen%20%28Japan%29.nes
NES,Japan,Ninja Jajamaru-kun ,https://archive.org/download/nes-roms/Ninja%20Jajamaru-kun%20%28Japan%29.nes
NES,Japan,Ninja-kun - Ashura no Shou ,https://archive.org/download/nes-roms/Ninja-kun%20-%20Ashura%20no%20Shou%20%28Japan%29.nes
NES,Japan,Ninja-kun - Majou no Bouken ,https://archive.org/download/nes-roms/Ninja-kun%20-%20Majou%20no%20Bouken%20%28Japan%29.nes
NES,USA,Nintendo World Championships 1990 ,https://archive.org/download/nes-roms/Nintendo%20World%20Championships%201990%20%28USA%29.nes
NES,Europe,Noah's Ark ,https://archive.org/download/nes-roms/Noah%27s%20Ark%20%28Europe%29.nes
NES,Japan,Nobunaga no Yabou - Bushou Fuuun Roku ,https://archive.org/download/nes-roms/Nobunaga%20no%20Yabou%20-%20Bushou%20Fuuun%20Roku%20%28Japan%29.nes
NES,Japan,Nobunaga no Yabou - Sengoku Gunyuu Den ,https://archive.org/download/nes-roms/Nobunaga%20no%20Yabou%20-%20Sengoku%20Gunyuu%20Den%20%28Japan%29.nes
NES,Japan,Nobunaga no Yabou - Zenkoku Ban ,https://archive.org/download/nes-roms/Nobunaga%20no%20Yabou%20-%20Zenkoku%20Ban%20%28Japan%29.nes
NES,USA,Nobunaga's Ambition ,https://archive.org/download/nes-roms/Nobunaga%27s%20Ambition%20%28USA%29.nes
NES,USA,Nobunaga's Ambition II ,https://archive.org/download/nes-roms/Nobunaga%27s%20Ambition%20II%20%28USA%29.nes
NES,USA,Operation Secret Storm  (Unl),https://archive.org/download/nes-roms/Operation%20Secret%20Storm%20%28USA%29%20%28Unl%29.nes
NES,USA,Operation Wolf  (Rev 0A),https://archive.org/download/nes-roms/Operation%20Wolf%20%28USA%29%20%28Rev%200A%29.nes
NES,Europe,Over Horizon ,https://archive.org/download/nes-roms/Over%20Horizon%20%28Europe%29.nes
NES,USA,Overlord ,https://archive.org/download/nes-roms/Overlord%20%28USA%29.nes
NES,USA,P'Radikus Conflict  (Unl),https://archive.org/download/nes-roms/P%27Radikus%20Conflict%20%28USA%29%20%28Unl%29.nes
NES,Japan,Pac-Land ,https://archive.org/download/nes-roms/Pac-Land%20%28Japan%29.nes
NES,Europe,Pac-Man ,https://archive.org/download/nes-roms/Pac-Man%20%28Europe%29.nes
NES,Japan,Pac-Man  (En) (Rev B),https://archive.org/download/nes-roms/Pac-Man%20%28Japan%29%20%28En%29%20%28Rev%20B%29.nes
NES,Japan,Pac-Man  (Rev A),https://archive.org/download/nes-roms/Pac-Man%20%28Japan%29%20%28Rev%20A%29.nes
NES,Japan,Pac-Man ,https://archive.org/download/nes-roms/Pac-Man%20%28Japan%29.nes
NES,USA,Pac-Man  (Namco),https://archive.org/download/nes-roms/Pac-Man%20%28USA%29%20%28Namco%29.nes
NES,USA,Pac-Man  (Tengen) (Unl),https://archive.org/download/nes-roms/Pac-Man%20%28USA%29%20%28Tengen%29%20%28Unl%29.nes
NES,USA,Pac-Man  (Tengen),https://archive.org/download/nes-roms/Pac-Man%20%28USA%29%20%28Tengen%29.nes
NES,USA,Pac-Mania  (Unl),https://archive.org/download/nes-roms/Pac-Mania%20%28USA%29%20%28Unl%29.nes
NES,USA,Palamedes ,https://archive.org/download/nes-roms/Palamedes%20%28USA%29.nes
NES,Japan,"Palamedes II - Star Twinkle, Hoshi no Mabataki ",https://archive.org/download/nes-roms/Palamedes%20II%20-%20Star%20Twinkle%2C%20Hoshi%20no%20Mabataki%20%28Japan%29.nes
NES,Europe,Paperboy ,https://archive.org/download/nes-roms/Paperboy%20%28Europe%29.nes
NES,Japan,Paperboy ,https://archive.org/download/nes-roms/Paperboy%20%28Japan%29.nes
NES,USA,Paperboy ,https://archive.org/download/nes-roms/Paperboy%20%28USA%29.nes
NES,Europe,Paperboy 2 ,https://archive.org/download/nes-roms/Paperboy%202%20%28Europe%29.nes
NES,USA,Paperboy 2 ,https://archive.org/download/nes-roms/Paperboy%202%20%28USA%29.nes
NES,Europe,Parodius ,https://archive.org/download/nes-roms/Parodius%20%28Europe%29.nes
NES,USA,Pesterminator  (Unl),https://archive.org/download/nes-roms/Pesterminator%20%28USA%29%20%28Unl%29.nes
NES,USA,Phantom Fighter ,https://archive.org/download/nes-roms/Phantom%20Fighter%20%28USA%29.nes
NES,USA,Pin Bot ,https://archive.org/download/nes-roms/Pin%20Bot%20%28USA%29.nes
NES,World,Pinball ,https://archive.org/download/nes-roms/Pinball%20%28World%29.nes
NES,USA,Pinball Quest ,https://archive.org/download/nes-roms/Pinball%20Quest%20%28USA%29.nes
NES,Asia,Pipe 5  (Unl),https://archive.org/download/nes-roms/Pipe%205%20%28Asia%29%20%28Unl%29.nes
NES,USA,Pipe Dream ,https://archive.org/download/nes-roms/Pipe%20Dream%20%28USA%29.nes
NES,Australia,Pipemania  (HES) (Unl),https://archive.org/download/nes-roms/Pipemania%20%28Australia%29%20%28HES%29%20%28Unl%29.nes
NES,USA,Pirates! ,https://archive.org/download/nes-roms/Pirates%21%20%28USA%29.nes
NES,USA,Platoon  (Rev A),https://archive.org/download/nes-roms/Platoon%20%28USA%29%20%28Rev%20A%29.nes
NES,USA,Platoon ,https://archive.org/download/nes-roms/Platoon%20%28USA%29.nes
NES,Japan,Popeye ,https://archive.org/download/nes-roms/Popeye%20%28Japan%29.nes
NES,World,Popeye  (Rev A),https://archive.org/download/nes-roms/Popeye%20%28World%29%20%28Rev%20A%29.nes
NES,Japan,Popeye no Eigo Asobi ,https://archive.org/download/nes-roms/Popeye%20no%20Eigo%20Asobi%20%28Japan%29.nes
NES,Europe,Power Blade ,https://archive.org/download/nes-roms/Power%20Blade%20%28Europe%29.nes
NES,USA,Power Blade ,https://archive.org/download/nes-roms/Power%20Blade%20%28USA%29.nes
NES,USA,Power Blade 2 ,https://archive.org/download/nes-roms/Power%20Blade%202%20%28USA%29.nes
NES,Japan,Power Blazer ,https://archive.org/download/nes-roms/Power%20Blazer%20%28Japan%29.nes
NES,USA,Predator ,https://archive.org/download/nes-roms/Predator%20%28USA%29.nes
NES,USA,Prince of Persia ,https://archive.org/download/nes-roms/Prince%20of%20Persia%20%28USA%29.nes
NES,Europe,Probotector ,https://archive.org/download/nes-roms/Probotector%20%28Europe%29.nes
NES,Europe,Probotector II - Return of the Evil Forces ,https://archive.org/download/nes-roms/Probotector%20II%20-%20Return%20of%20the%20Evil%20Forces%20%28Europe%29.nes
NES,USA,"Punisher, The ",https://archive.org/download/nes-roms/Punisher%2C%20The%20%28USA%29.nes
NES,Japan,Puyo Puyo ,https://archive.org/download/nes-roms/Puyo%20Puyo%20%28Japan%29.nes
NES,Japan,Puzslot ,https://archive.org/download/nes-roms/Puzslot%20%28Japan%29.nes
NES,USA,Puzzle  (Unl),https://archive.org/download/nes-roms/Puzzle%20%28USA%29%20%28Unl%29.nes
NES,USA,Puzznic ,https://archive.org/download/nes-roms/Puzznic%20%28USA%29.nes
NES,USA,Q-bert ,https://archive.org/download/nes-roms/Q-bert%20%28USA%29.nes
NES,USA,QIX ,https://archive.org/download/nes-roms/QIX%20%28USA%29.nes
NES,Japan,Quarth ,https://archive.org/download/nes-roms/Quarth%20%28Japan%29.nes
NES,USA,R.C. Pro-Am ,https://archive.org/download/nes-roms/R.C.%20Pro-Am%20%28USA%29.nes
NES,USA,R.C. Pro-Am II ,https://archive.org/download/nes-roms/R.C.%20Pro-Am%20II%20%28USA%29.nes
NES,USA,Race America ,https://archive.org/download/nes-roms/Race%20America%20%28USA%29.nes
NES,Japan,Racer Mini Yonku - Japan Cup ,https://archive.org/download/nes-roms/Racer%20Mini%20Yonku%20-%20Japan%20Cup%20%28Japan%29.nes
NES,USA,Rad Racer ,https://archive.org/download/nes-roms/Rad%20Racer%20%28USA%29.nes
NES,USA,Rad Racer II ,https://archive.org/download/nes-roms/Rad%20Racer%20II%20%28USA%29.nes
NES,USA,Raid 2020  (Unl),https://archive.org/download/nes-roms/Raid%202020%20%28USA%29%20%28Unl%29.nes
NES,USA,Raid on Bungeling Bay ,https://archive.org/download/nes-roms/Raid%20on%20Bungeling%20Bay%20%28USA%29.nes
NES,USA,Rainbow Islands ,https://archive.org/download/nes-roms/Rainbow%20Islands%20%28USA%29.nes
NES,Europe,Rainbow Islands - Bubble Bobble 2 ,https://archive.org/download/nes-roms/Rainbow%20Islands%20-%20Bubble%20Bobble%202%20%28Europe%29.nes
NES,Japan,Rainbow Islands - The Story of Bubble Bobble 2  (Sample),https://archive.org/download/nes-roms/Rainbow%20Islands%20-%20The%20Story%20of%20Bubble%20Bobble%202%20%28Japan%29%20%28Sample%29.nes
NES,Japan,Rainbow Islands - The Story of Bubble Bobble 2 ,https://archive.org/download/nes-roms/Rainbow%20Islands%20-%20The%20Story%20of%20Bubble%20Bobble%202%20%28Japan%29.nes
NES,USA,Rally Bike ,https://archive.org/download/nes-roms/Rally%20Bike%20%28USA%29.nes
NES,USA,Rambo  (Rev A),https://archive.org/download/nes-roms/Rambo%20%28USA%29%20%28Rev%20A%29.nes
NES,USA,Rambo ,https://archive.org/download/nes-roms/Rambo%20%28USA%29.nes
NES,USA,Rampage ,https://archive.org/download/nes-roms/Rampage%20%28USA%29.nes
NES,Europe,Rampart ,https://archive.org/download/nes-roms/Rampart%20%28Europe%29.nes
NES,Japan,Rampart ,https://archive.org/download/nes-roms/Rampart%20%28Japan%29.nes
NES,USA,Rampart ,https://archive.org/download/nes-roms/Rampart%20%28USA%29.nes
NES,USA,"Ren & Stimpy Show, The - Buckeroo$! ",https://archive.org/download/nes-roms/Ren%20%26%20Stimpy%20Show%2C%20The%20-%20Buckeroo%24%21%20%28USA%29.nes
NES,USA,Renegade ,https://archive.org/download/nes-roms/Renegade%20%28USA%29.nes
NES,USA,River City Ransom ,https://archive.org/download/nes-roms/River%20City%20Ransom%20%28USA%29.nes
NES,USA,Robin Hood - Prince of Thieves  (Rev A),https://archive.org/download/nes-roms/Robin%20Hood%20-%20Prince%20of%20Thieves%20%28USA%29%20%28Rev%20A%29.nes
NES,USA,Robin Hood - Prince of Thieves ,https://archive.org/download/nes-roms/Robin%20Hood%20-%20Prince%20of%20Thieves%20%28USA%29.nes
NES,USA,RoboCop ,https://archive.org/download/nes-roms/RoboCop%20%28USA%29.nes
NES,USA,RoboCop 2  (Rev A),https://archive.org/download/nes-roms/RoboCop%202%20%28USA%29%20%28Rev%20A%29.nes
NES,USA,RoboCop 2 ,https://archive.org/download/nes-roms/RoboCop%202%20%28USA%29.nes
NES,USA,RoboCop 3 ,https://archive.org/download/nes-roms/RoboCop%203%20%28USA%29.nes
NES,USA,Robodemons  (Unl),https://archive.org/download/nes-roms/Robodemons%20%28USA%29%20%28Unl%29.nes
NES,Asia,Rockball  (Unl),https://archive.org/download/nes-roms/Rockball%20%28Asia%29%20%28Unl%29.nes
NES,USA,"Rocketeer, The ",https://archive.org/download/nes-roms/Rocketeer%2C%20The%20%28USA%29.nes
NES,Europe,Rockin' Kats ,https://archive.org/download/nes-roms/Rockin%27%20Kats%20%28Europe%29.nes
NES,USA,Rockin' Kats ,https://archive.org/download/nes-roms/Rockin%27%20Kats%20%28USA%29.nes
NES,Japan,Rockman  (En),https://archive.org/download/nes-roms/Rockman%20%28Japan%29%20%28En%29.nes
NES,Japan,Rockman 2 - Dr. Wily no Nazo ,https://archive.org/download/nes-roms/Rockman%202%20-%20Dr.%20Wily%20no%20Nazo%20%28Japan%29.nes
NES,Japan,Rockman 3 - Dr. Wily no Saigo! ,https://archive.org/download/nes-roms/Rockman%203%20-%20Dr.%20Wily%20no%20Saigo%21%20%28Japan%29.nes
NES,Japan,Rockman 4 - Aratanaru Yabou!! ,https://archive.org/download/nes-roms/Rockman%204%20-%20Aratanaru%20Yabou%21%21%20%28Japan%29.nes
NES,Japan,Rockman 5 - Blues no Wana! ,https://archive.org/download/nes-roms/Rockman%205%20-%20Blues%20no%20Wana%21%20%28Japan%29.nes
NES,Japan,Rockman 6 - Shijou Saidai no Tatakai!! ,https://archive.org/download/nes-roms/Rockman%206%20-%20Shijou%20Saidai%20no%20Tatakai%21%21%20%28Japan%29.nes
NES,Asia,Rocman X  (Unl),https://archive.org/download/nes-roms/Rocman%20X%20%28Asia%29%20%28Unl%29.nes
NES,Europe,Rod Land ,https://archive.org/download/nes-roms/Rod%20Land%20%28Europe%29.nes
NES,USA,Rollerball ,https://archive.org/download/nes-roms/Rollerball%20%28USA%29.nes
NES,USA,Rolling Thunder  (Unl),https://archive.org/download/nes-roms/Rolling%20Thunder%20%28USA%29%20%28Unl%29.nes
NES,USA,Romance of the Three Kingdoms ,https://archive.org/download/nes-roms/Romance%20of%20the%20Three%20Kingdoms%20%28USA%29.nes
NES,USA,Romance of the Three Kingdoms II ,https://archive.org/download/nes-roms/Romance%20of%20the%20Three%20Kingdoms%20II%20%28USA%29.nes
NES,Japan,Route-16 Turbo ,https://archive.org/download/nes-roms/Route-16%20Turbo%20%28Japan%29.nes
NES,USA,Rush'n Attack ,https://archive.org/download/nes-roms/Rush%27n%20Attack%20%28USA%29.nes
NES,Europe,Rygar ,https://archive.org/download/nes-roms/Rygar%20%28Europe%29.nes
NES,USA,Rygar  (Rev A),https://archive.org/download/nes-roms/Rygar%20%28USA%29%20%28Rev%20A%29.nes
NES,USA,Rygar ,https://archive.org/download/nes-roms/Rygar%20%28USA%29.nes
NES,USA,S.C.A.T. - Special Cybernetic Attack Team ,https://archive.org/download/nes-roms/S.C.A.T.%20-%20Special%20Cybernetic%20Attack%20Team%20%28USA%29.nes
NES,Japan,SD Gundam - Gachapon Senshi 2 - Capsule Senki ,https://archive.org/download/nes-roms/SD%20Gundam%20-%20Gachapon%20Senshi%202%20-%20Capsule%20Senki%20%28Japan%29.nes
NES,Japan,SD Gundam - Gachapon Senshi 3 - Eiyuu Senki ,https://archive.org/download/nes-roms/SD%20Gundam%20-%20Gachapon%20Senshi%203%20-%20Eiyuu%20Senki%20%28Japan%29.nes
NES,Japan,SD Gundam - Gachapon Senshi 4 - NewType Story ,https://archive.org/download/nes-roms/SD%20Gundam%20-%20Gachapon%20Senshi%204%20-%20NewType%20Story%20%28Japan%29.nes
NES,Japan,SD Gundam - Gachapon Senshi 5 - Battle of Universal Century ,https://archive.org/download/nes-roms/SD%20Gundam%20-%20Gachapon%20Senshi%205%20-%20Battle%20of%20Universal%20Century%20%28Japan%29.nes
NES,Japan,SD Gundam Gaiden - Knight Gundam Monogatari  (Rev 1),https://archive.org/download/nes-roms/SD%20Gundam%20Gaiden%20-%20Knight%20Gundam%20Monogatari%20%28Japan%29%20%28Rev%201%29.nes
NES,Japan,SD Gundam Gaiden - Knight Gundam Monogatari ,https://archive.org/download/nes-roms/SD%20Gundam%20Gaiden%20-%20Knight%20Gundam%20Monogatari%20%28Japan%29.nes
NES,Japan,SD Gundam Gaiden - Knight Gundam Monogatari 2 - Hikari no Knight ,https://archive.org/download/nes-roms/SD%20Gundam%20Gaiden%20-%20Knight%20Gundam%20Monogatari%202%20-%20Hikari%20no%20Knight%20%28Japan%29.nes
NES,Japan,SD Gundam Gaiden - Knight Gundam Monogatari 3 - Densetsu no Kishi Dan ,https://archive.org/download/nes-roms/SD%20Gundam%20Gaiden%20-%20Knight%20Gundam%20Monogatari%203%20-%20Densetsu%20no%20Kishi%20Dan%20%28Japan%29.nes
NES,USA,Secret Scout in the Temple of Demise  (Unl),https://archive.org/download/nes-roms/Secret%20Scout%20in%20the%20Temple%20of%20Demise%20%28USA%29%20%28Unl%29.nes
NES,USA,Section-Z ,https://archive.org/download/nes-roms/Section-Z%20%28USA%29.nes
NES,USA,Seicross ,https://archive.org/download/nes-roms/Seicross%20%28USA%29.nes
NES,Europe,Shadow Warriors ,https://archive.org/download/nes-roms/Shadow%20Warriors%20%28Europe%29.nes
NES,Europe,Shadow Warriors II - Ninja Gaiden II ,https://archive.org/download/nes-roms/Shadow%20Warriors%20II%20-%20Ninja%20Gaiden%20II%20%28Europe%29.nes
NES,USA,Shadow of the Ninja ,https://archive.org/download/nes-roms/Shadow%20of%20the%20Ninja%20%28USA%29.nes
NES,Europe,Shatterhand ,https://archive.org/download/nes-roms/Shatterhand%20%28Europe%29.nes
NES,USA,Shatterhand ,https://archive.org/download/nes-roms/Shatterhand%20%28USA%29.nes
NES,USA,Shinobi  (Unl),https://archive.org/download/nes-roms/Shinobi%20%28USA%29%20%28Unl%29.nes
NES,Australia,Sidewinder  (Unl),https://archive.org/download/nes-roms/Sidewinder%20%28Australia%29%20%28Unl%29.nes
NES,Asia,Silent Assault  (PAL) (Unl),https://archive.org/download/nes-roms/Silent%20Assault%20%28Asia%29%20%28PAL%29%20%28Unl%29.nes
NES,USA,Silent Assault  (Unl),https://archive.org/download/nes-roms/Silent%20Assault%20%28USA%29%20%28Unl%29.nes
NES,USA,Silent Service ,https://archive.org/download/nes-roms/Silent%20Service%20%28USA%29.nes
NES,USA,Silk Worm ,https://archive.org/download/nes-roms/Silk%20Worm%20%28USA%29.nes
NES,Asia,Silver Eagle  (PAL) (Unl),https://archive.org/download/nes-roms/Silver%20Eagle%20%28Asia%29%20%28PAL%29%20%28Unl%29.nes
NES,USA,Silver Surfer ,https://archive.org/download/nes-roms/Silver%20Surfer%20%28USA%29.nes
NES,USA,"Simpsons, The - Bart vs. the Space Mutants ",https://archive.org/download/nes-roms/Simpsons%2C%20The%20-%20Bart%20vs.%20the%20Space%20Mutants%20%28USA%29.nes
NES,USA,"Simpsons, The - Bart vs. the World ",https://archive.org/download/nes-roms/Simpsons%2C%20The%20-%20Bart%20vs.%20the%20World%20%28USA%29.nes
NES,USA,"Simpsons, The - Bartman Meets Radioactive Man ",https://archive.org/download/nes-roms/Simpsons%2C%20The%20-%20Bartman%20Meets%20Radioactive%20Man%20%28USA%29.nes
NES,Europe,"Simpsons, The - Krusty's Fun House ",https://archive.org/download/nes-roms/Simpsons%2C%20The%20-%20Krusty%27s%20Fun%20House%20%28Europe%29.nes
NES,Japan,Sky Destroyer ,https://archive.org/download/nes-roms/Sky%20Destroyer%20%28Japan%29.nes
NES,USA,Sky Kid ,https://archive.org/download/nes-roms/Sky%20Kid%20%28USA%29.nes
NES,USA,Sky Shark  (Rev 0A),https://archive.org/download/nes-roms/Sky%20Shark%20%28USA%29%20%28Rev%200A%29.nes
NES,USA,Smash T.V. ,https://archive.org/download/nes-roms/Smash%20T.V.%20%28USA%29.nes
NES,Europe,"Smurfs, The  (En,Fr,De,Es)",https://archive.org/download/nes-roms/Smurfs%2C%20The%20%28Europe%29%20%28En%2CFr%2CDe%2CEs%29.nes
NES,Japan,Snow Bros. ,https://archive.org/download/nes-roms/Snow%20Bros.%20%28Japan%29.nes
NES,Europe,Snow Brothers ,https://archive.org/download/nes-roms/Snow%20Brothers%20%28Europe%29.nes
NES,USA,Snow Brothers ,https://archive.org/download/nes-roms/Snow%20Brothers%20%28USA%29.nes
NES,USA,Solar Jetman - Hunt for the Golden Warpship ,https://archive.org/download/nes-roms/Solar%20Jetman%20-%20Hunt%20for%20the%20Golden%20Warpship%20%28USA%29.nes
NES,USA,Solomon's Key ,https://archive.org/download/nes-roms/Solomon%27s%20Key%20%28USA%29.nes
NES,Europe,Solomon's Key 2 ,https://archive.org/download/nes-roms/Solomon%27s%20Key%202%20%28Europe%29.nes
NES,Japan,Space Harrier ,https://archive.org/download/nes-roms/Space%20Harrier%20%28Japan%29.nes
NES,Japan,Space Hunter ,https://archive.org/download/nes-roms/Space%20Hunter%20%28Japan%29.nes
NES,Japan,Space Invaders ,https://archive.org/download/nes-roms/Space%20Invaders%20%28Japan%29.nes
NES,Japan,Spartan X ,https://archive.org/download/nes-roms/Spartan%20X%20%28Japan%29.nes
NES,Japan,Spartan X 2 ,https://archive.org/download/nes-roms/Spartan%20X%202%20%28Japan%29.nes
NES,Japan,Spelunker ,https://archive.org/download/nes-roms/Spelunker%20%28Japan%29.nes
NES,USA,Spelunker ,https://archive.org/download/nes-roms/Spelunker%20%28USA%29.nes
NES,Japan,Spelunker II - Yuusha e no Chousen ,https://archive.org/download/nes-roms/Spelunker%20II%20-%20Yuusha%20e%20no%20Chousen%20%28Japan%29.nes
NES,Europe,Spider-Man - Return of the Sinister Six ,https://archive.org/download/nes-roms/Spider-Man%20-%20Return%20of%20the%20Sinister%20Six%20%28Europe%29.nes
NES,USA,Spider-Man - Return of the Sinister Six ,https://archive.org/download/nes-roms/Spider-Man%20-%20Return%20of%20the%20Sinister%20Six%20%28USA%29.nes
NES,Japan,Splatter House - Wanpaku Graffiti ,https://archive.org/download/nes-roms/Splatter%20House%20-%20Wanpaku%20Graffiti%20%28Japan%29.nes
NES,USA,Spy Hunter ,https://archive.org/download/nes-roms/Spy%20Hunter%20%28USA%29.nes
NES,USA,Sqoon ,https://archive.org/download/nes-roms/Sqoon%20%28USA%29.nes
NES,USA,Star Force ,https://archive.org/download/nes-roms/Star%20Force%20%28USA%29.nes
NES,Japan,Star Luster ,https://archive.org/download/nes-roms/Star%20Luster%20%28Japan%29.nes
NES,USA,Star Soldier ,https://archive.org/download/nes-roms/Star%20Soldier%20%28USA%29.nes
NES,USA,Star Trek - 25th Anniversary ,https://archive.org/download/nes-roms/Star%20Trek%20-%2025th%20Anniversary%20%28USA%29.nes
NES,USA,Star Trek - The Next Generation ,https://archive.org/download/nes-roms/Star%20Trek%20-%20The%20Next%20Generation%20%28USA%29.nes
NES,USA,Star Voyager ,https://archive.org/download/nes-roms/Star%20Voyager%20%28USA%29.nes
NES,Europe,Star Wars ,https://archive.org/download/nes-roms/Star%20Wars%20%28Europe%29.nes
NES,Japan,Star Wars  (Namco),https://archive.org/download/nes-roms/Star%20Wars%20%28Japan%29%20%28Namco%29.nes
NES,Japan,Star Wars  (Victor),https://archive.org/download/nes-roms/Star%20Wars%20%28Japan%29%20%28Victor%29.nes
NES,USA,Star Wars ,https://archive.org/download/nes-roms/Star%20Wars%20%28USA%29.nes
NES,USA,Star Wars - The Empire Strikes Back ,https://archive.org/download/nes-roms/Star%20Wars%20-%20The%20Empire%20Strikes%20Back%20%28USA%29.nes
NES,USA,StarTropics ,https://archive.org/download/nes-roms/StarTropics%20%28USA%29.nes
NES,USA,StarTropics II - Zoda's Revenge -  ,https://archive.org/download/nes-roms/StarTropics%20II%20-%20Zoda%27s%20Revenge%20-%20%20%28USA%29.nes
NES,USA,Starship Hector ,https://archive.org/download/nes-roms/Starship%20Hector%20%28USA%29.nes
NES,USA,Street Fighter 2010 - The Final Fight ,https://archive.org/download/nes-roms/Street%20Fighter%202010%20-%20The%20Final%20Fight%20%28USA%29.nes
NES,USA,Strider ,https://archive.org/download/nes-roms/Strider%20%28USA%29.nes
NES,Japan,Super Arabian ,https://archive.org/download/nes-roms/Super%20Arabian%20%28Japan%29.nes
NES,USA,Super C ,https://archive.org/download/nes-roms/Super%20C%20%28USA%29.nes
NES,World,Super Mario Bros. ,https://archive.org/download/nes-roms/Super%20Mario%20Bros.%20%28World%29.nes
NES,USA,Super Mario Bros. + Duck Hunt ,https://archive.org/download/nes-roms/Super%20Mario%20Bros.%20%2B%20Duck%20Hunt%20%28USA%29.nes
NES,USA,Super Mario Bros. + Duck Hunt + World Class Track Meet  (Rev A),https://archive.org/download/nes-roms/Super%20Mario%20Bros.%20%2B%20Duck%20Hunt%20%2B%20World%20Class%20Track%20Meet%20%28USA%29%20%28Rev%20A%29.nes
NES,USA,Super Mario Bros. + Duck Hunt + World Class Track Meet ,https://archive.org/download/nes-roms/Super%20Mario%20Bros.%20%2B%20Duck%20Hunt%20%2B%20World%20Class%20Track%20Meet%20%28USA%29.nes
NES,Europe,Super Mario Bros. + Tetris + Nintendo World Cup  (Rev A),https://archive.org/download/nes-roms/Super%20Mario%20Bros.%20%2B%20Tetris%20%2B%20Nintendo%20World%20Cup%20%28Europe%29%20%28Rev%20A%29.nes
NES,Europe,Super Mario Bros. + Tetris + Nintendo World Cup ,https://archive.org/download/nes-roms/Super%20Mario%20Bros.%20%2B%20Tetris%20%2B%20Nintendo%20World%20Cup%20%28Europe%29.nes
NES,USA,Super Mario Bros. 2  (Rev A),https://archive.org/download/nes-roms/Super%20Mario%20Bros.%202%20%28USA%29%20%28Rev%20A%29.nes
NES,USA,Super Mario Bros. 2 ,https://archive.org/download/nes-roms/Super%20Mario%20Bros.%202%20%28USA%29.nes
NES,USA,Super Mario Bros. 3  (Rev A),https://archive.org/download/nes-roms/Super%20Mario%20Bros.%203%20%28USA%29%20%28Rev%20A%29.nes
NES,USA,Super Mario Bros. 3 ,https://archive.org/download/nes-roms/Super%20Mario%20Bros.%203%20%28USA%29.nes
NES,Japan,Super Mario USA ,https://archive.org/download/nes-roms/Super%20Mario%20USA%20%28Japan%29.nes
NES,Japan,Super Pinball ,https://archive.org/download/nes-roms/Super%20Pinball%20%28Japan%29.nes
NES,Japan,Super Pitfall ,https://archive.org/download/nes-roms/Super%20Pitfall%20%28Japan%29.nes
NES,USA,Super Pitfall ,https://archive.org/download/nes-roms/Super%20Pitfall%20%28USA%29.nes
NES,USA,Super Sprint  (Unl),https://archive.org/download/nes-roms/Super%20Sprint%20%28USA%29%20%28Unl%29.nes
NES,USA,Super Spy Hunter ,https://archive.org/download/nes-roms/Super%20Spy%20Hunter%20%28USA%29.nes
NES,Japan,Super Star Force ,https://archive.org/download/nes-roms/Super%20Star%20Force%20%28Japan%29.nes
NES,Europe,Super Turrican ,https://archive.org/download/nes-roms/Super%20Turrican%20%28Europe%29.nes
NES,Japan,Super Xevious - Gump no Nazo ,https://archive.org/download/nes-roms/Super%20Xevious%20-%20Gump%20no%20Nazo%20%28Japan%29.nes
NES,Japan,Superman ,https://archive.org/download/nes-roms/Superman%20%28Japan%29.nes
NES,USA,Superman ,https://archive.org/download/nes-roms/Superman%20%28USA%29.nes
NES,Europe,Swamp Thing ,https://archive.org/download/nes-roms/Swamp%20Thing%20%28Europe%29.nes
NES,USA,Swamp Thing ,https://archive.org/download/nes-roms/Swamp%20Thing%20%28USA%29.nes
NES,Japan,Sweet Home  [E-patched],https://archive.org/download/nes-roms/Sweet%20Home%20%28Japan%29%20%5BE-patched%5D.nes
NES,Japan,Sweet Home ,https://archive.org/download/nes-roms/Sweet%20Home%20%28Japan%29.nes
NES,Europe,Sword Master ,https://archive.org/download/nes-roms/Sword%20Master%20%28Europe%29.nes
NES,Japan,Sword Master ,https://archive.org/download/nes-roms/Sword%20Master%20%28Japan%29.nes
NES,USA,Sword Master ,https://archive.org/download/nes-roms/Sword%20Master%20%28USA%29.nes
NES,Europe,Swords and Serpents ,https://archive.org/download/nes-roms/Swords%20and%20Serpents%20%28Europe%29.nes
NES,France,Swords and Serpents ,https://archive.org/download/nes-roms/Swords%20and%20Serpents%20%28France%29.nes
NES,USA,Swords and Serpents ,https://archive.org/download/nes-roms/Swords%20and%20Serpents%20%28USA%29.nes
NES,USA,Tagin' Dragon  (Unl),https://archive.org/download/nes-roms/Tagin%27%20Dragon%20%28USA%29%20%28Unl%29.nes
NES,Japan,Taito Chase H.Q. ,https://archive.org/download/nes-roms/Taito%20Chase%20H.Q.%20%28Japan%29.nes
NES,Japan,Taito Grand Prix - Eikou e no License ,https://archive.org/download/nes-roms/Taito%20Grand%20Prix%20-%20Eikou%20e%20no%20License%20%28Japan%29.nes
NES,Japan,Taiyou no Shinden ,https://archive.org/download/nes-roms/Taiyou%20no%20Shinden%20%28Japan%29.nes
NES,Japan,Taiyou no Yuusha - Fighbird  [E-patched],https://archive.org/download/nes-roms/Taiyou%20no%20Yuusha%20-%20Fighbird%20%28Japan%29%20%5BE-patched%5D.nes
NES,USA,TaleSpin ,https://archive.org/download/nes-roms/TaleSpin%20%28USA%29.nes
NES,USA,Target Renegade ,https://archive.org/download/nes-roms/Target%20Renegade%20%28USA%29.nes
NES,Europe,Teenage Mutant Hero Turtles ,https://archive.org/download/nes-roms/Teenage%20Mutant%20Hero%20Turtles%20%28Europe%29.nes
NES,USA,Teenage Mutant Ninja Turtles ,https://archive.org/download/nes-roms/Teenage%20Mutant%20Ninja%20Turtles%20%28USA%29.nes
NES,USA,Teenage Mutant Ninja Turtles - Tournament Fighters ,https://archive.org/download/nes-roms/Teenage%20Mutant%20Ninja%20Turtles%20-%20Tournament%20Fighters%20%28USA%29.nes
NES,USA,Teenage Mutant Ninja Turtles II - The Arcade Game ,https://archive.org/download/nes-roms/Teenage%20Mutant%20Ninja%20Turtles%20II%20-%20The%20Arcade%20Game%20%28USA%29.nes
NES,USA,Teenage Mutant Ninja Turtles III - The Manhattan Project ,https://archive.org/download/nes-roms/Teenage%20Mutant%20Ninja%20Turtles%20III%20-%20The%20Manhattan%20Project%20%28USA%29.nes
NES,USA,Terminator 2 - Judgment Day ,https://archive.org/download/nes-roms/Terminator%202%20-%20Judgment%20Day%20%28USA%29.nes
NES,"USA, Europe","Terminator, The ",https://archive.org/download/nes-roms/Terminator%2C%20The%20%28USA%2C%20Europe%29.nes
NES,USA,Terra Cresta ,https://archive.org/download/nes-roms/Terra%20Cresta%20%28USA%29.nes
NES,Japan,Tetrastar - The Fighter ,https://archive.org/download/nes-roms/Tetrastar%20-%20The%20Fighter%20%28Japan%29.nes
NES,Bulletproof,Tetris  (Japan) (Rev B),https://archive.org/download/nes-roms/Tetris%20%28Bulletproof%29%20%28Japan%29%20%28Rev%20B%29.nes
NES,USA,Tetris  (Unl),https://archive.org/download/nes-roms/Tetris%20%28USA%29%20%28Unl%29.nes
NES,USA,Tetris ,https://archive.org/download/nes-roms/Tetris%20%28USA%29.nes
NES,USA,Tetris 2 ,https://archive.org/download/nes-roms/Tetris%202%20%28USA%29.nes
NES,Japan,Tetris 2 + Bombliss  (Rev A),https://archive.org/download/nes-roms/Tetris%202%20%2B%20Bombliss%20%28Japan%29%20%28Rev%20A%29.nes
NES,Japan,Tetris Flash ,https://archive.org/download/nes-roms/Tetris%20Flash%20%28Japan%29.nes
NES,Japan,Thexder ,https://archive.org/download/nes-roms/Thexder%20%28Japan%29.nes
NES,Asia,Thunder Warrior  (Unl),https://archive.org/download/nes-roms/Thunder%20Warrior%20%28Asia%29%20%28Unl%29.nes
NES,USA,Thunderbirds ,https://archive.org/download/nes-roms/Thunderbirds%20%28USA%29.nes
NES,USA,Thundercade ,https://archive.org/download/nes-roms/Thundercade%20%28USA%29.nes
NES,USA,Tiger-Heli ,https://archive.org/download/nes-roms/Tiger-Heli%20%28USA%29.nes
NES,Europe,Time Lord ,https://archive.org/download/nes-roms/Time%20Lord%20%28Europe%29.nes
NES,USA,Time Lord ,https://archive.org/download/nes-roms/Time%20Lord%20%28USA%29.nes
NES,Japan,Time Zone ,https://archive.org/download/nes-roms/Time%20Zone%20%28Japan%29.nes
NES,Japan,Times of Lore ,https://archive.org/download/nes-roms/Times%20of%20Lore%20%28Japan%29.nes
NES,USA,Times of Lore ,https://archive.org/download/nes-roms/Times%20of%20Lore%20%28USA%29.nes
NES,USA,Tiny Toon Adventures ,https://archive.org/download/nes-roms/Tiny%20Toon%20Adventures%20%28USA%29.nes
NES,USA,Tiny Toon Adventures 2 - Trouble in Wackyland ,https://archive.org/download/nes-roms/Tiny%20Toon%20Adventures%202%20-%20Trouble%20in%20Wackyland%20%28USA%29.nes
NES,USA,Tiny Toon Adventures Cartoon Workshop ,https://archive.org/download/nes-roms/Tiny%20Toon%20Adventures%20Cartoon%20Workshop%20%28USA%29.nes
NES,USA,Toki ,https://archive.org/download/nes-roms/Toki%20%28USA%29.nes
NES,Japan,Toki no Tabibito ,https://archive.org/download/nes-roms/Toki%20no%20Tabibito%20%28Japan%29.nes
NES,Japan,Tom & Jerry ,https://archive.org/download/nes-roms/Tom%20%26%20Jerry%20%28Japan%29.nes
NES,USA,Tom & Jerry - The Ultimate Game of Cat and Mouse! ,https://archive.org/download/nes-roms/Tom%20%26%20Jerry%20-%20The%20Ultimate%20Game%20of%20Cat%20and%20Mouse%21%20%28USA%29.nes
NES,Japan,Tom Sawyer no Bouken ,https://archive.org/download/nes-roms/Tom%20Sawyer%20no%20Bouken%20%28Japan%29.nes
NES,USA,Tombs & Treasure ,https://archive.org/download/nes-roms/Tombs%20%26%20Treasure%20%28USA%29.nes
NES,USA,Toobin'  (Unl),https://archive.org/download/nes-roms/Toobin%27%20%28USA%29%20%28Unl%29.nes
NES,USA,Top Gun ,https://archive.org/download/nes-roms/Top%20Gun%20%28USA%29.nes
NES,Japan,Top Gun - Dual Fighters ,https://archive.org/download/nes-roms/Top%20Gun%20-%20Dual%20Fighters%20%28Japan%29.nes
NES,USA,Top Gun - The Second Mission ,https://archive.org/download/nes-roms/Top%20Gun%20-%20The%20Second%20Mission%20%28USA%29.nes
NES,USA,Total Recall ,https://archive.org/download/nes-roms/Total%20Recall%20%28USA%29.nes
NES,Europe,Totally Rad ,https://archive.org/download/nes-roms/Totally%20Rad%20%28Europe%29.nes
NES,USA,Totally Rad ,https://archive.org/download/nes-roms/Totally%20Rad%20%28USA%29.nes
NES,USA,Town & Country Surf Designs - Thrilla's Surfari ,https://archive.org/download/nes-roms/Town%20%26%20Country%20Surf%20Designs%20-%20Thrilla%27s%20Surfari%20%28USA%29.nes
NES,USA,Toxic Crusaders ,https://archive.org/download/nes-roms/Toxic%20Crusaders%20%28USA%29.nes
NES,USA,Treasure Master ,https://archive.org/download/nes-roms/Treasure%20Master%20%28USA%29.nes
NES,USA,Trog! ,https://archive.org/download/nes-roms/Trog%21%20%28USA%29.nes
NES,Europe,Trojan ,https://archive.org/download/nes-roms/Trojan%20%28Europe%29.nes
NES,USA,Trojan ,https://archive.org/download/nes-roms/Trojan%20%28USA%29.nes
NES,Europe,"Trolls in Crazyland, The ",https://archive.org/download/nes-roms/Trolls%20in%20Crazyland%2C%20The%20%28Europe%29.nes
NES,Japan,Tsuru Pika Hagemaru - Mezase! Tsuru Seko no Akashi ,https://archive.org/download/nes-roms/Tsuru%20Pika%20Hagemaru%20-%20Mezase%21%20Tsuru%20Seko%20no%20Akashi%20%28Japan%29.nes
NES,Europe,Turbo Racing ,https://archive.org/download/nes-roms/Turbo%20Racing%20%28Europe%29.nes
NES,USA,Twin Cobra ,https://archive.org/download/nes-roms/Twin%20Cobra%20%28USA%29.nes
NES,USA,Twin Eagle ,https://archive.org/download/nes-roms/Twin%20Eagle%20%28USA%29.nes
NES,Japan,TwinBee ,https://archive.org/download/nes-roms/TwinBee%20%28Japan%29.nes
NES,USA,TwinBee - Stinger ,https://archive.org/download/nes-roms/TwinBee%20-%20Stinger%20%28USA%29.nes
NES,Japan,Uchuu Keibitai SDF ,https://archive.org/download/nes-roms/Uchuu%20Keibitai%20SDF%20%28Japan%29.nes
NES,Japan,Uchuusen Cosmo Carrier ,https://archive.org/download/nes-roms/Uchuusen%20Cosmo%20Carrier%20%28Japan%29.nes
NES,Europe,Ufouria - The Saga ,https://archive.org/download/nes-roms/Ufouria%20-%20The%20Saga%20%28Europe%29.nes
NES,USA,Ultima - Exodus ,https://archive.org/download/nes-roms/Ultima%20-%20Exodus%20%28USA%29.nes
NES,USA,Ultima - Quest of the Avatar ,https://archive.org/download/nes-roms/Ultima%20-%20Quest%20of%20the%20Avatar%20%28USA%29.nes
NES,USA,Ultima - Warriors of Destiny ,https://archive.org/download/nes-roms/Ultima%20-%20Warriors%20of%20Destiny%20%28USA%29.nes
NES,USA,Ultimate Air Combat ,https://archive.org/download/nes-roms/Ultimate%20Air%20Combat%20%28USA%29.nes
NES,USA,"Ultimate Stuntman, The  (Unl)",https://archive.org/download/nes-roms/Ultimate%20Stuntman%2C%20The%20%28USA%29%20%28Unl%29.nes
NES,Japan,Ultraman Club - Kaijuu Daikessen!!  [trans],https://archive.org/download/nes-roms/Ultraman%20Club%20-%20Kaijuu%20Daikessen%21%21%20%28Japan%29%20%5Btrans%5D.nes
NES,Japan,Ultraman Club 2 - Kaettekita Ultraman Club ,https://archive.org/download/nes-roms/Ultraman%20Club%202%20-%20Kaettekita%20Ultraman%20Club%20%28Japan%29.nes
NES,Japan,Ultraman Club 3 - Matamata Shutsugeki!! Ultra Kyoudai ,https://archive.org/download/nes-roms/Ultraman%20Club%203%20-%20Matamata%20Shutsugeki%21%21%20Ultra%20Kyoudai%20%28Japan%29.nes
NES,USA,"Uncanny X-Men, The ",https://archive.org/download/nes-roms/Uncanny%20X-Men%2C%20The%20%28USA%29.nes
NES,USA,Uncharted Waters ,https://archive.org/download/nes-roms/Uncharted%20Waters%20%28USA%29.nes
NES,Unknown,"Universe Soldiers, The  (Unl)",https://archive.org/download/nes-roms/Universe%20Soldiers%2C%20The%20%28Unknown%29%20%28Unl%29.nes
NES,USA,"Untouchables, The  (Rev B)",https://archive.org/download/nes-roms/Untouchables%2C%20The%20%28USA%29%20%28Rev%20B%29.nes
NES,World,Urban Champion ,https://archive.org/download/nes-roms/Urban%20Champion%20%28World%29.nes
NES,Japan,Urusei Yatsura - Lum no Wedding Bell ,https://archive.org/download/nes-roms/Urusei%20Yatsura%20-%20Lum%20no%20Wedding%20Bell%20%28Japan%29.nes
NES,Japan,Ushio to Tora - Shinen no Taiyou ,https://archive.org/download/nes-roms/Ushio%20to%20Tora%20-%20Shinen%20no%20Taiyou%20%28Japan%29.nes
NES,Japan,Utsurun Desu ,https://archive.org/download/nes-roms/Utsurun%20Desu%20%28Japan%29.nes
NES,Japan,Valkyrie no Bouken - Toki no Kagi Densetsu ,https://archive.org/download/nes-roms/Valkyrie%20no%20Bouken%20-%20Toki%20no%20Kagi%20Densetsu%20%28Japan%29.nes
NES,Japan,Venus Senki - Back the City ,https://archive.org/download/nes-roms/Venus%20Senki%20-%20Back%20the%20City%20%28Japan%29.nes
NES,USA,Vice - Project Doom ,https://archive.org/download/nes-roms/Vice%20-%20Project%20Doom%20%28USA%29.nes
NES,USA,Vindicators  (Unl),https://archive.org/download/nes-roms/Vindicators%20%28USA%29%20%28Unl%29.nes
NES,Japan,Volguard II ,https://archive.org/download/nes-roms/Volguard%20II%20%28Japan%29.nes
NES,USA,Wacky Races ,https://archive.org/download/nes-roms/Wacky%20Races%20%28USA%29.nes
NES,Japan,Wagyan Land ,https://archive.org/download/nes-roms/Wagyan%20Land%20%28Japan%29.nes
NES,Japan,Wagyan Land 2 ,https://archive.org/download/nes-roms/Wagyan%20Land%202%20%28Japan%29.nes
NES,Japan,Wagyan Land 3 ,https://archive.org/download/nes-roms/Wagyan%20Land%203%20%28Japan%29.nes
NES,Japan,Wai Wai World ,https://archive.org/download/nes-roms/Wai%20Wai%20World%20%28Japan%29.nes
NES,Japan,Wai Wai World 2 - SOS!! Paseri Jou ,https://archive.org/download/nes-roms/Wai%20Wai%20World%202%20-%20SOS%21%21%20Paseri%20Jou%20%28Japan%29.nes
NES,USA,Wario's Woods ,https://archive.org/download/nes-roms/Wario%27s%20Woods%20%28USA%29.nes
NES,Japan,Warpman ,https://archive.org/download/nes-roms/Warpman%20%28Japan%29.nes
NES,USA,Wayne's World ,https://archive.org/download/nes-roms/Wayne%27s%20World%20%28USA%29.nes
NES,Europe,Werewolf - The Last Warrior ,https://archive.org/download/nes-roms/Werewolf%20-%20The%20Last%20Warrior%20%28Europe%29.nes
NES,USA,Werewolf - The Last Warrior ,https://archive.org/download/nes-roms/Werewolf%20-%20The%20Last%20Warrior%20%28USA%29.nes
NES,Japan,Western Kids ,https://archive.org/download/nes-roms/Western%20Kids%20%28Japan%29.nes
NES,USA,Who Framed Roger Rabbit ,https://archive.org/download/nes-roms/Who%20Framed%20Roger%20Rabbit%20%28USA%29.nes
NES,USA,Whomp 'Em ,https://archive.org/download/nes-roms/Whomp%20%27Em%20%28USA%29.nes
NES,USA,Widget ,https://archive.org/download/nes-roms/Widget%20%28USA%29.nes
NES,USA,Willow ,https://archive.org/download/nes-roms/Willow%20%28USA%29.nes
NES,Japan,Wily & Right no Rockboard - That's Paradise  [trans],https://archive.org/download/nes-roms/Wily%20%26%20Right%20no%20Rockboard%20-%20That%27s%20Paradise%20%28Japan%29%20%5Btrans%5D.nes
NES,Japan,Wily & Right no Rockboard - That's Paradise ,https://archive.org/download/nes-roms/Wily%20%26%20Right%20no%20Rockboard%20-%20That%27s%20Paradise%20%28Japan%29.nes
NES,Japan,"Wing of Madoola, The  (Sample)",https://archive.org/download/nes-roms/Wing%20of%20Madoola%2C%20The%20%28Japan%29%20%28Sample%29.nes
NES,Japan,Wit's ,https://archive.org/download/nes-roms/Wit%27s%20%28Japan%29.nes
NES,USA,Wizardry - Knight of Diamonds - The Second Scenario ,https://archive.org/download/nes-roms/Wizardry%20-%20Knight%20of%20Diamonds%20-%20The%20Second%20Scenario%20%28USA%29.nes
NES,USA,Wizardry - Proving Grounds of the Mad Overlord ,https://archive.org/download/nes-roms/Wizardry%20-%20Proving%20Grounds%20of%20the%20Mad%20Overlord%20%28USA%29.nes
NES,Japan,Wizardry II - Llylgamyn no Isan ,https://archive.org/download/nes-roms/Wizardry%20II%20-%20Llylgamyn%20no%20Isan%20%28Japan%29.nes
NES,USA,Wizards & Warriors ,https://archive.org/download/nes-roms/Wizards%20%26%20Warriors%20%28USA%29.nes
NES,USA,Wizards & Warriors II - iIronSword ,https://archive.org/download/nes-roms/Wizards%20%26%20Warriors%20II%20-%20iIronSword%20%28USA%29.nes
NES,USA,Wizards & Warriors III - Kuros...Visions of Power ,https://archive.org/download/nes-roms/Wizards%20%26%20Warriors%20III%20-%20Kuros...Visions%20of%20Power%20%28USA%29.nes
NES,USA,Wolverine ,https://archive.org/download/nes-roms/Wolverine%20%28USA%29.nes
NES,Japan,Woody Poko ,https://archive.org/download/nes-roms/Woody%20Poko%20%28Japan%29.nes
NES,Japan,World Grand-Prix - Pole to Finish ,https://archive.org/download/nes-roms/World%20Grand-Prix%20-%20Pole%20to%20Finish%20%28Japan%29.nes
NES,Europe,Wrath of the Black Manta ,https://archive.org/download/nes-roms/Wrath%20of%20the%20Black%20Manta%20%28Europe%29.nes
NES,USA,Wrath of the Black Manta  (Rev A),https://archive.org/download/nes-roms/Wrath%20of%20the%20Black%20Manta%20%28USA%29%20%28Rev%20A%29.nes
NES,USA,Wrath of the Black Manta ,https://archive.org/download/nes-roms/Wrath%20of%20the%20Black%20Manta%20%28USA%29.nes
NES,World,Wrecking Crew ,https://archive.org/download/nes-roms/Wrecking%20Crew%20%28World%29.nes
NES,USA,Wurm - Journey to the Center of the Earth! ,https://archive.org/download/nes-roms/Wurm%20-%20Journey%20to%20the%20Center%20of%20the%20Earth%21%20%28USA%29.nes
NES,USA,Xenophobe ,https://archive.org/download/nes-roms/Xenophobe%20%28USA%29.nes
NES,Europe,Xevious ,https://archive.org/download/nes-roms/Xevious%20%28Europe%29.nes
NES,USA,Xevious - The Avenger ,https://archive.org/download/nes-roms/Xevious%20-%20The%20Avenger%20%28USA%29.nes
NES,USA,Xexyz ,https://archive.org/download/nes-roms/Xexyz%20%28USA%29.nes
NES,Japan,Yie Ar Kung-Fu  (Rev 1.2),https://archive.org/download/nes-roms/Yie%20Ar%20Kung-Fu%20%28Japan%29%20%28Rev%201.2%29.nes
NES,Japan,Yie Ar Kung-Fu  (Rev 1.4),https://archive.org/download/nes-roms/Yie%20Ar%20Kung-Fu%20%28Japan%29%20%28Rev%201.4%29.nes
NES,USA,Yo! Noid ,https://archive.org/download/nes-roms/Yo%21%20Noid%20%28USA%29.nes
NES,USA,Yoshi ,https://archive.org/download/nes-roms/Yoshi%20%28USA%29.nes
NES,Japan,Yoshi no Tamago ,https://archive.org/download/nes-roms/Yoshi%20no%20Tamago%20%28Japan%29.nes
NES,USA,Yoshi's Cookie ,https://archive.org/download/nes-roms/Yoshi%27s%20Cookie%20%28USA%29.nes
NES,Japan,Youkai Douchuuki ,https://archive.org/download/nes-roms/Youkai%20Douchuuki%20%28Japan%29.nes
NES,USA,"Young Indiana Jones Chronicles, The ",https://archive.org/download/nes-roms/Young%20Indiana%20Jones%20Chronicles%2C%20The%20%28USA%29.nes
NES,Japan,Yousei Monogatari - Rod Land ,https://archive.org/download/nes-roms/Yousei%20Monogatari%20-%20Rod%20Land%20%28Japan%29.nes
NES,Japan,Ys ,https://archive.org/download/nes-roms/Ys%20%28Japan%29.nes
NES,Japan,Ys II - Ancient Ys Vanished - The Final Chapter ,https://archive.org/download/nes-roms/Ys%20II%20-%20Ancient%20Ys%20Vanished%20-%20The%20Final%20Chapter%20%28Japan%29.nes
NES,Japan,Ys III - Wanderers from Ys ,https://archive.org/download/nes-roms/Ys%20III%20-%20Wanderers%20from%20Ys%20%28Japan%29.nes
NES,Japan,Yume Penguin Monogatari ,https://archive.org/download/nes-roms/Yume%20Penguin%20Monogatari%20%28Japan%29.nes
NES,USA,Zanac ,https://archive.org/download/nes-roms/Zanac%20%28USA%29.nes
NES,USA,Zelda II - The Adventure of Link ,https://archive.org/download/nes-roms/Zelda%20II%20-%20The%20Adventure%20of%20Link%20%28USA%29.nes
NES,Europe,Zen - Intergalactic Ninja ,https://archive.org/download/nes-roms/Zen%20-%20Intergalactic%20Ninja%20%28Europe%29.nes
NES,USA,Zen - Intergalactic Ninja ,https://archive.org/download/nes-roms/Zen%20-%20Intergalactic%20Ninja%20%28USA%29.nes
NES,Asia,Zhen Ben Xi You Ji  (Unl),https://archive.org/download/nes-roms/Zhen%20Ben%20Xi%20You%20Ji%20%28Asia%29%20%28Unl%29.nes
NES,Japan,Zippy Race ,https://archive.org/download/nes-roms/Zippy%20Race%20%28Japan%29.nes
NES,Japan,Zoids - Chuuou Tairiku no Tatakai ,https://archive.org/download/nes-roms/Zoids%20-%20Chuuou%20Tairiku%20no%20Tatakai%20%28Japan%29.nes
NES,Japan,Zoids 2 - Zenebas no Gyakushuu ,https://archive.org/download/nes-roms/Zoids%202%20-%20Zenebas%20no%20Gyakushuu%20%28Japan%29.nes
NES,Japan,Zoids Mokushiroku ,https://archive.org/download/nes-roms/Zoids%20Mokushiroku%20%28Japan%29.nes
NES,Japan,Zombie Hunter  [trans],https://archive.org/download/nes-roms/Zombie%20Hunter%20%28Japan%29%20%5Btrans%5D.nes
NES,Japan,Zombie Hunter ,https://archive.org/download/nes-roms/Zombie%20Hunter%20%28Japan%29.nes
NES,USA,Zombie Nation ,https://archive.org/download/nes-roms/Zombie%20Nation%20%28USA%29.nes
NES,Japan,Zunou Senkan Galg ,https://archive.org/download/nes-roms/Zunou%20Senkan%20Galg%20%28Japan%29.nes
